TimeStamp,co2_ppm,ch4_ppm,temp ,Output_flow_Final,Ouput flow_2_Final,all_flow_,n2o_ppm,ch4_gl,n2o_gl,ch4_gm2,n2o_gm2,location
31/07/2018 16:00,388.8566667,0.816666667,31.73333333,7.11,5.763333333,12.87,0.211,5.22292E-07,2.3615E-07,0.00142643,0.00064495,1
31/07/2018 17:00,13831.9,93.51333333,34.03333333,18.73,5.853333333,24.58,21.72366667,5.93578E-05,2.4131E-05,0.309612478,0.125868222,1
31/07/2018 18:00,14849.56667,92.60333333,33.56666667,17.82,5.876666667,23.69333333,32.36333333,5.88696E-05,3.60044E-05,0.295989358,0.181025924,1
31/07/2018 19:00,14786.95,81.53,33.1,20.335,5.89,26.22,31.6255,5.19091E-05,3.52372E-05,0.288824959,0.196061683,1
31/07/2018 20:00,15202.03333,89.40666667,32.1,17.18,5.903333333,23.08666667,44.90566667,5.71105E-05,5.01979E-05,0.279792553,0.245926566,1
31/07/2018 21:00,15103.6,105.43,29.63333333,16.55,5.91,22.45666667,37.03766667,6.78944E-05,4.17399E-05,0.323547629,0.198909572,1
31/07/2018 22:00,14682.83333,143.2933333,26.43333333,17.47666667,5.903333333,23.38,29.709,9.32632E-05,3.38384E-05,0.46271495,0.16788567,1
31/07/2018 23:00,14928.23333,185.5066667,25.56666667,15.24,5.91,21.14666667,22.78633333,0.000121088,2.60288E-05,0.543378781,0.116803444,1
01/08/2018 00:00,14095.4,129.7666667,25.4,19.85666667,5.933333333,25.79,29.34933333,8.47516E-05,3.35445E-05,0.463829219,0.183582485,1
01/08/2018 01:00,14480.46667,121.67,25.06666667,19.32,5.91,25.22333333,34.61066667,7.95524E-05,3.96021E-05,0.425808929,0.211972377,1
01/08/2018 02:00,14845.53333,109.6733333,24.86666667,18.78333333,5.906666667,24.69333333,44.00233333,7.17567E-05,5.0382E-05,0.376011301,0.264005886,1
01/08/2018 03:00,15251.26667,102.69,24.56666667,17.35333333,5.903333333,23.25666667,56.46466667,6.72553E-05,6.47163E-05,0.331919802,0.319388905,1
01/08/2018 04:00,16331.86667,119.0466667,24.16666667,15.51,5.903333333,21.41333333,75.99266667,7.80728E-05,8.72152E-05,0.354766783,0.396310377,1
01/08/2018 05:00,17035.63333,111.25,24.1,14.4,5.943333333,20.34,98.156,7.2976E-05,0.000112677,0.314984942,0.486345245,1
01/08/2018 06:00,17286.33333,95.41666667,23.8,14.45333333,5.913333333,20.36333333,86.47866667,6.26531E-05,9.93723E-05,0.270738781,0.429411096,1
01/08/2018 07:00,18358.6,82.91666667,23.86666667,14.66,5.92,20.57666667,93.932,5.44331E-05,0.000107913,0.237682236,0.471201331,1
01/08/2018 08:00,18838.43333,84.71333333,25.06666667,14.46,5.94,20.4,125.3066667,5.53888E-05,0.000143378,0.239778763,0.620684886,1
01/08/2018 09:00,18594.83333,106.8833333,25.66666667,13.26333333,5.94,19.20333333,111.9606667,6.9744E-05,0.00012785,0.284212046,0.520997952,1
01/08/2018 10:00,17853.73333,144.92,28.4,15.17666667,5.92,21.09333333,101.2403333,9.37067E-05,0.00011456,0.419444879,0.512788393,1
01/08/2018 11:00,17727.56667,173.5766667,28.53333333,13.05,5.946666667,19,72.83,0.000112187,8.23757E-05,0.452328878,0.332132466,1
01/08/2018 12:00,17094.13333,169.8033333,30.36666667,14.44666667,5.943333333,20.39,58.20966667,0.000109085,6.54414E-05,0.471999547,0.283157801,1
01/08/2018 13:00,16498.7,170.755,31.9,15.015,5.9675,20.9825,51.24325,0.000109145,5.73199E-05,0.485982152,0.255224056,1
01/08/2018 14:00,16126.66667,177.64,31.96666667,15.45,5.973333333,21.42333333,58.50833333,0.000113521,6.54322E-05,0.516086581,0.297466167,1
01/08/2018 15:00,15642.93333,151.1633333,34.86666667,15.21333333,5.97,21.18,65.702,9.56917E-05,7.27854E-05,0.430089547,0.327136547,1
01/08/2018 16:00,14888.16667,158.83,34.43333333,15.27333333,5.953333333,21.22666667,62.51,0.000100687,6.93468E-05,0.45353648,0.312368503,1
01/08/2018 17:00,15316.33333,142.5233333,35.9,16.08,6.003333333,22.08333333,61.359,8.99206E-05,6.77469E-05,0.421388364,0.317477455,1
01/08/2018 18:00,15788.86667,132.34,35.06666667,16.41666667,5.983333333,22.4,68.34733333,8.37215E-05,7.56668E-05,0.397963936,0.359676622,1
01/08/2018 19:00,16108.33333,110.8633333,32.03333333,16.92,5.99,22.90333333,76.15933333,7.08319E-05,8.51534E-05,0.344259951,0.413866002,1
01/08/2018 20:00,15578.9,114.4466667,30.16666667,17.70666667,6.013333333,23.72,79.46833333,7.35713E-05,8.94E-05,0.37032433,0.449998692,1
01/08/2018 21:00,15363.7,127.6066667,28.13333333,15.77333333,5.976666667,21.74333333,79.992,8.25848E-05,9.05965E-05,0.381052722,0.418019276,1
01/08/2018 22:00,14175.56667,129.2633333,26.26666667,16.60333333,6,22.6,58.615,8.41785E-05,6.67994E-05,0.40370907,0.320361246,1
01/08/2018 23:00,14187,129.0033333,25.93333333,18.60333333,5.973333333,24.57333333,45.19566667,8.41028E-05,5.15637E-05,0.438564506,0.268885506,1
02/08/2018 00:00,14830.76667,129.16,25.76666667,16.13,6.003333333,22.13,50.335,8.42519E-05,5.74592E-05,0.395658051,0.269836126,1
02/08/2018 01:00,14506.26667,132.0333333,25.56666667,17.70666667,6.006666667,23.71333333,32.89633333,8.61839E-05,3.75775E-05,0.433688022,0.189094711,1
02/08/2018 02:00,14707,114.0533333,25.4,18.94,5.986666667,24.92666667,55.38533333,7.44891E-05,6.3302E-05,0.394017763,0.33484255,1
02/08/2018 03:00,15594.36667,120.2933333,25.3,14.98,5.973333333,20.95333333,88.08,7.85908E-05,0.000100704,0.349448987,0.447772669,1
02/08/2018 04:00,16871.2,123.2833333,25.16666667,13.44666667,5.98,19.42333333,107.2546667,8.05803E-05,0.000122681,0.332132445,0.505663004,1
02/08/2018 05:00,17127.73333,131.8133333,24.96666667,12.98666667,5.96,18.94,112.3923333,8.62134E-05,0.000128644,0.346508385,0.517045952,1
02/08/2018 06:00,18114.2,107.09,24.83333333,13.13666667,5.966666667,19.1,129.1273333,7.00743E-05,0.000147865,0.284021358,0.599319367,1
02/08/2018 07:00,18663.93333,128.84,25.06666667,14.26333333,5.973333333,20.23666667,143.9733333,8.42404E-05,0.000164737,0.361758272,0.707437151,1
02/08/2018 08:00,19224.43333,107.8333333,27.9,12.05333333,6,18.04666667,168.371,6.98419E-05,0.00019084,0.267468156,0.730843508,1
02/08/2018 09:00,19175.4,136.29,30.93333333,11.31,6.003333333,17.31333333,183.1286667,8.73923E-05,0.000205496,0.321079629,0.75499338,1
02/08/2018 10:00,18064.26667,156.2133333,30.23333333,12.80666667,5.973333333,18.78,136.2393333,0.000100399,0.000153232,0.400112995,0.610667934,1
02/08/2018 11:00,17601.06667,188.0833333,31.56666667,15.13,5.993333333,21.12333333,80.90833333,0.000120353,9.06018E-05,0.539482355,0.406123608,1
02/08/2018 12:00,17645.5,247.5433333,36.9,16.12,6,22.12,57.88333333,0.000155676,6.37033E-05,0.730744087,0.299023732,1
12/10/2018 13:00,487.6,27.50333333,22.175,17.8325,6.3725,24.205,0.335666667,1.81588E-05,3.87836E-07,0.093271915,0.001992103,2
12/10/2018 14:00,12728.76667,27.62333333,22.93333333,14.21,6.376666667,20.58333333,19.79333333,1.81913E-05,2.2811E-05,0.079458163,0.09963672,2
12/10/2018 15:00,12903.86667,31.77,23.6,15.84666667,6.37,22.21333333,16.88733333,2.08751E-05,1.94183E-05,0.098401317,0.09153408,2
12/10/2018 16:00,13829.86667,32.40333333,24.13333333,14.45666667,6.386666667,20.84333333,14.84766667,2.1253E-05,1.70423E-05,0.094004142,0.075379553,2
12/10/2018 17:00,14657.8,27.56,24.5,15.00333333,6.366666667,21.37,16.642,1.80541E-05,1.90783E-05,0.081872591,0.086517286,2
12/10/2018 18:00,15436.5,29.3,25.03333333,13.19666667,6.38,19.57333333,26.61766667,1.91596E-05,3.04598E-05,0.079581063,0.126517367,2
12/10/2018 19:00,15168.73333,20.97333333,25.03333333,15.63,6.403333333,22.02333333,21.156,1.37147E-05,2.42097E-05,0.064095543,0.113144118,2
12/10/2018 20:00,15518.3,16.27666667,24.7,16.43333333,6.426666667,22.86333333,26.06933333,1.06554E-05,2.98657E-05,0.051697329,0.144900741,2
12/10/2018 21:00,15485.8,15.57666667,24.76666667,16.16666667,6.413333333,22.57666667,26.896,1.01949E-05,3.08058E-05,0.048842764,0.147588138,2
12/10/2018 22:00,15166.9,13.37,24.33333333,16.96,6.406666667,23.36666667,25.148,8.76336E-06,2.88457E-05,0.043453646,0.143033021,2
12/10/2018 23:00,15283.93333,15.91666667,24.4,16.59,6.396666667,22.98666667,27.01666667,1.04302E-05,3.09822E-05,0.050877862,0.15112856,2
13/10/2018 00:00,14859.63333,13.35666667,24.56666667,16.65,6.39,23.04,30.421,8.74776E-06,3.48666E-05,0.042769887,0.170471409,2
13/10/2018 01:00,14776.26667,13.07666667,24.9,17.36666667,6.4,23.76666667,28.76166667,8.5548E-06,3.2928E-05,0.043145638,0.166070286,2
13/10/2018 02:00,15163.8,11.04333333,24.93333333,16.39333333,6.4,22.79333333,40.929,7.22378E-06,4.68526E-05,0.034940653,0.22662093,2
13/10/2018 03:00,15638.5,10.70333333,25.16666667,14.83666667,6.386666667,21.22666667,38.62666667,6.9959E-06,4.41824E-05,0.031512584,0.199017035,2
13/10/2018 04:00,15779.63333,12.38,24.93333333,14.49666667,6.393333333,20.89,46.474,8.09813E-06,5.32001E-05,0.035898977,0.235835694,2
13/10/2018 05:00,16565.3,8.926666667,25.13333333,13.79,6.386666667,20.17333333,51.34766667,5.83529E-06,5.87397E-05,0.024980359,0.251459546,2
13/10/2018 06:00,18176.26667,15.91333333,24.73333333,10.31333333,6.39,16.7,84.868,1.04164E-05,9.7216E-05,0.036914086,0.344518836,2
13/10/2018 07:00,18860.525,12.775,24.525,10.7675,6.4025,17.17,99.3185,8.36797E-06,0.000113849,0.030489446,0.414817263,2
13/10/2018 08:00,18211.26667,10.67,24.73333333,12.25333333,6.383333333,18.63333333,61.399,6.98425E-06,7.03323E-05,0.027616552,0.278102173,2
13/10/2018 09:00,17918.16667,16.94333333,24.63333333,12.27333333,6.396666667,18.67333333,55.979,1.10943E-05,6.41453E-05,0.043962361,0.254182318,2
13/10/2018 10:00,17579.56667,19.94,24.5,12.37,6.416666667,18.78666667,50.94233333,1.30623E-05,5.84E-05,0.052075049,0.232820605,2
13/10/2018 11:00,16491.06667,23.14666667,24.5,14.56,6.41,20.97333333,37.954,1.5163E-05,4.35102E-05,0.067485539,0.193650161,2
13/10/2018 12:00,16072.5,23.46,25.26666667,15.82333333,6.396666667,22.22333333,26.72366667,1.53288E-05,3.05571E-05,0.072289433,0.144105617,2
13/10/2018 13:00,15725.63333,15.63333333,28.8,15.86333333,6.413333333,22.27666667,25.93533333,1.00953E-05,2.93087E-05,0.047722968,0.138549749,2
13/10/2018 14:00,15681.96667,11.83666667,28.36666667,16.66,6.376666667,23.03333333,27.342,7.65455E-06,3.09427E-05,0.037414123,0.151242722,2
13/10/2018 15:00,15205.43333,12.87,32.7,16.18333333,6.37,22.55333333,34.45233333,8.20487E-06,3.8437E-05,0.039268245,0.183958403,2
13/10/2018 16:00,14746.46667,11.49333333,31.4,17.48333333,6.37,23.85,35.571,7.3585E-06,3.98545E-05,0.037242298,0.201708682,2
13/10/2018 17:00,14559.63333,13.27666667,31.03333333,18.51,6.376666667,24.88666667,34.277,8.51051E-06,3.8451E-05,0.044944966,0.203063963,2
13/10/2018 18:00,14602.7,11.74333333,27.76666667,17.21666667,6.373333333,23.59,40.39033333,7.60934E-06,4.58006E-05,0.038092,0.229275618,2
13/10/2018 19:00,14412,9.873333333,27.03333333,17.8,6.346666667,24.14,40.66033333,6.41326E-06,4.62194E-05,0.032853011,0.236766558,2
13/10/2018 20:00,13998,11.89666667,26.56666667,18.63,6.38,25.01,38.26266667,7.73956E-06,4.35616E-05,0.04107606,0.231194112,2
13/10/2018 21:00,14097.86667,13.66666667,26.33333333,17.59333333,6.363333333,23.95333333,38.85733333,8.89799E-06,4.42731E-05,0.045228959,0.225042752,2
13/10/2018 22:00,14558.33333,13.42333333,25.5,17.59333333,6.4,23.99333333,42.64466667,8.76395E-06,4.87239E-05,0.04462201,0.248079872,2
13/10/2018 23:00,14149.46667,11.86,25.26666667,17.92333333,6.39,24.31666667,40.96,7.74932E-06,4.68357E-05,0.039987692,0.24167941,2
14/10/2018 00:00,14229.03333,12.53666667,24.93333333,17.99,6.4,24.39,41.19433333,8.20061E-06,4.71563E-05,0.042444055,0.244067708,2
14/10/2018 01:00,14648.66667,12.14333333,24,16.38,6.413333333,22.79,41.02266667,7.96827E-06,4.71073E-05,0.03853605,0.227819668,2
14/10/2018 02:00,15060.9,12.45,23.76666667,16.30333333,6.386666667,22.69,46.74966667,8.17592E-06,5.37259E-05,0.039366786,0.258688531,2
14/10/2018 03:00,15262.26667,9.443333333,23.7,16.67666667,6.38,23.05666667,40.93833333,6.20283E-06,4.70579E-05,0.030349076,0.230244022,2
14/10/2018 04:00,15761.06667,11.12333333,23.8,14.99666667,6.36,21.35333333,56.74,7.30388E-06,6.51997E-05,0.033096189,0.295440764,2
14/10/2018 05:00,17249.63333,19.15333333,23.8,11.27666667,6.39,17.66333333,77.30566667,1.25766E-05,8.88317E-05,0.047140522,0.332965627,2
14/10/2018 06:00,17639.66667,14.48,23.8,12.41,6.4,18.81,79.54333333,9.50795E-06,9.1403E-05,0.037952004,0.364844656,2
14/10/2018 07:00,18140.2,12.8,23.075,10.3175,6.3825,16.7,89.95625,8.42539E-06,0.000103621,0.029858324,0.367218745,2
14/10/2018 08:00,18717.3,16.35333333,22.06666667,8.223333333,6.373333333,14.59333333,125.717,1.08011E-05,0.000145309,0.033448805,0.44999364,2
14/10/2018 09:00,17291.43333,33.7,21.93333333,9.87,6.373333333,16.25333333,72.20933333,2.22683E-05,8.35004E-05,0.076804798,0.28799824,2
14/10/2018 10:00,17156.96667,81.41333333,21.7,9.673333333,6.38,16.04666667,51.83166667,5.38389E-05,5.99838E-05,0.183332696,0.204257311,2
14/10/2018 11:00,16284.4,74.12333333,22.06666667,11.70333333,6.393333333,18.09666667,30.083,4.89571E-05,3.47712E-05,0.188006708,0.133529615,2
14/10/2018 12:00,15791.06667,47.83,21.53333333,12.77333333,6.396666667,19.17,18.55233333,3.1648E-05,2.14824E-05,0.128744181,0.087390418,2
14/10/2018 13:00,16339.6,44.02,21.03333333,11.32666667,6.413333333,17.73666667,26.80166667,2.91765E-05,3.10873E-05,0.109815759,0.11700771,2
14/10/2018 14:00,15613.86667,36.14666667,21.03333333,12.09,6.43,18.52,19.79866667,2.39581E-05,2.29645E-05,0.094156837,0.090252159,2
14/10/2018 15:00,15331.4,35.54,21.1,11.65,6.396666667,18.04666667,20.02566667,2.35506E-05,2.32226E-05,0.090190052,0.088933676,2
14/10/2018 16:00,15369.56667,33.01666667,21.03333333,12.55333333,6.4,18.95666667,21.61766667,2.18835E-05,2.50744E-05,0.088031443,0.100867548,2
14/10/2018 17:00,14908.93333,36.35666667,21.43333333,12.91333333,6.41,19.32333333,17.24366667,2.40645E-05,1.99738E-05,0.09867761,0.081903456,2
14/10/2018 18:00,14800.8,31.47,21.4,13.08666667,6.393333333,19.48333333,16.78633333,2.08324E-05,1.94463E-05,0.086131431,0.080400512,2
14/10/2018 19:00,15121.63333,39.34333333,21.16666667,11.14666667,6.4,17.54666667,22.56233333,2.6065E-05,2.61583E-05,0.097053591,0.097400799,2
14/10/2018 20:00,14639.6,31.04666667,21.33333333,12.78666667,6.416666667,19.2,18.18966667,2.05568E-05,2.10768E-05,0.083756048,0.085874453,2
14/10/2018 21:00,14719.93333,37.4,21.13333333,10.12666667,6.39,16.51666667,24.954,2.47804E-05,2.89344E-05,0.086853841,0.10141347,2
14/10/2018 22:00,14026.36667,28.38,21.06666667,13.08,6.413333333,19.49333333,18.28433333,1.88082E-05,2.12057E-05,0.077802207,0.087719613,2
14/10/2018 23:00,14036.03333,26.46666667,20.96666667,11.71,6.416666667,18.12666667,19.03633333,1.75461E-05,2.20853E-05,0.067492925,0.084953319,2
15/10/2018 00:00,14016,24.29,20.7,11.68666667,6.413333333,18.1,17.00533333,1.61177E-05,1.97469E-05,0.061907189,0.075846713,2
15/10/2018 01:00,13868.83333,22.07,20.66666667,12.46333333,6.393333333,18.85666667,16.00666667,1.46463E-05,1.85894E-05,0.058607274,0.074385474,2
15/10/2018 02:00,14189.475,23.0975,20.7,11.3775,6.4025,17.775,16.27425,1.53264E-05,1.8898E-05,0.05781088,0.071282617,2
15/10/2018 03:00,15126.43333,27.92666667,20.73333333,10.39,6.42,16.81,16.60066667,1.85287E-05,1.92748E-05,0.066095599,0.068757016,2
15/10/2018 04:00,15472.76667,25.23,20.66666667,9.08,6.403333333,15.48666667,16.564,1.67434E-05,1.92366E-05,0.055024925,0.063218689,2
15/10/2018 05:00,16096.7,39.29666667,20,7.956666667,6.4,14.35666667,17.186,2.61377E-05,2.00044E-05,0.079630624,0.060944885,2
15/10/2018 06:00,16474.06667,33.47666667,19.96666667,8.57,6.406666667,14.97333333,18.169,2.22691E-05,2.1151E-05,0.070758868,0.067205953,2
15/10/2018 07:00,16916.8,44.57666667,20.06666667,8.42,6.42,14.83666667,16.067,2.96429E-05,1.86976E-05,0.093328861,0.058868263,2
15/10/2018 08:00,17020,79.47333333,19.3,7.67,6.43,14.1,12.40866667,5.29873E-05,1.44782E-05,0.158543924,0.043320289,2
15/10/2018 09:00,16212.1,66.88666667,19.5,9.276666667,6.423333333,15.69666667,8.877,4.45649E-05,1.03504E-05,0.148442804,0.034476555,2
15/10/2018 10:00,15425.73333,45.09333333,19.86666667,9.453333333,6.43,15.87666667,10.71733333,3.00069E-05,1.24806E-05,0.10109741,0.042048691,2
15/10/2018 11:00,14215.7,56.77333333,20.03333333,9.136666667,6.44,15.57333333,8.529,3.77578E-05,9.92656E-06,0.12478069,0.032804933,2
15/10/2018 12:00,13379.66667,76.93666667,19.93333333,7.463333333,6.423333333,13.88666667,6.677666667,5.11852E-05,7.77452E-06,0.150834589,0.022910278,2
15/10/2018 13:00,13316.06667,71.75333333,19.86666667,7.643333333,6.396666667,14.04,5.121,4.77476E-05,5.96352E-06,0.14225828,0.017767581,2
15/10/2018 14:00,13052.93333,43.74,20.5,9.38,6.423333333,15.80333333,6.732333333,2.90436E-05,7.82304E-06,0.097399822,0.026235119,2
15/10/2018 15:00,13395.13333,52.90333333,20.4,7.023333333,6.42,13.44333333,5.935333333,3.51401E-05,6.89927E-06,0.100246359,0.019681978,2
15/10/2018 16:00,13451.16667,55.34333333,20.6,7.623333333,6.443333333,14.06333333,5.366333333,3.67358E-05,6.23361E-06,0.109631763,0.018603162,2
15/10/2018 17:00,13717.53333,72.50666667,20.66666667,7.503333333,6.426666667,13.93,6.06,4.81175E-05,7.03779E-06,0.14223724,0.020803962,2
15/10/2018 18:00,13881.7,69.87333333,20.83333333,7.723333333,6.426666667,14.15,5.802333333,4.63437E-05,6.73472E-06,0.139157264,0.020222514,2
15/10/2018 19:00,14158.23333,40.92,20.86666667,9.303333333,6.413333333,15.71,7.468333333,2.71372E-05,8.66746E-06,0.090469158,0.028895264,2
15/10/2018 20:00,14588.33333,39.87333333,20.8,8.633333333,6.43,15.06,9.234,2.64491E-05,1.0719E-05,0.084526861,0.034256273,2
15/10/2018 21:00,14439.55,35.25,21.125,8.78,6.4275,15.205,9.2575,2.33565E-05,1.07345E-05,0.075362078,0.034635823,2
15/10/2018 22:00,14619.3,27.14333333,21.3,9.85,6.42,16.26666667,10.27166667,1.79744E-05,1.19034E-05,0.062045584,0.041089103,2
15/10/2018 23:00,14247.4,22.59666667,21.5,10.77,6.4,17.17333333,10.38166667,1.49534E-05,1.20227E-05,0.054494569,0.043814108,2
16/10/2018 00:00,14415.5,20.24,21.56666667,10.72333333,6.416666667,17.13666667,11.93466667,1.33908E-05,1.3818E-05,0.048695951,0.050249377,2
16/10/2018 01:00,14273.06667,20.00666667,21.76666667,12.10333333,6.423333333,18.53,12.86166667,1.32275E-05,1.48812E-05,0.052012955,0.058515658,2
16/10/2018 02:00,14402.2,20.23333333,21.93333333,11.70333333,6.416666667,18.12,13.861,1.33698E-05,1.60284E-05,0.051409294,0.061632078,2
16/10/2018 03:00,14765.63333,16.05333333,22.06666667,11.68,6.393333333,18.07666667,14.95833333,1.06029E-05,1.72895E-05,0.040672736,0.066322276,2
16/10/2018 04:00,15433.7,15.80666667,22.1,10.79,6.403333333,17.19333333,17.11366667,1.04388E-05,1.97785E-05,0.038086508,0.072162568,2
16/10/2018 05:00,16604.33333,17.53333333,22.23333333,8.45,6.423333333,14.87333333,25.64733333,1.15739E-05,2.96276E-05,0.036529817,0.093511124,2
16/10/2018 06:00,17171.3,22.65666667,22.23333333,8.2,6.403333333,14.60666667,29.154,1.49559E-05,3.36784E-05,0.046357695,0.10439075,2
16/10/2018 07:00,17560.03333,18.66666667,22.26666667,8.906666667,6.396666667,15.30666667,29.94166667,1.23206E-05,3.45844E-05,0.040019632,0.112336358,2
16/10/2018 08:00,18184.03333,21.19,21.93333333,8.323333333,6.413333333,14.73666667,47.46233333,1.40019E-05,5.48838E-05,0.043787104,0.171633635,2
16/10/2018 09:00,17981.2,18.15,21.9,8.523333333,6.41,14.93,40.66533333,1.19945E-05,4.70293E-05,0.038001567,0.149000341,2
16/10/2018 10:00,17819.53333,19.65333333,22.26666667,8.193333333,6.42,14.61,33.16633333,1.29719E-05,3.83091E-05,0.040217228,0.118771276,2
16/10/2018 11:00,17090.96667,19.84,24.96666667,8.473333333,6.433333333,14.90666667,27.32166667,1.29765E-05,3.12724E-05,0.041048438,0.098923667,2
16/10/2018 12:00,16407.76667,20.43666667,23.6,9.446666667,6.39,15.83,23.625,1.34283E-05,2.71657E-05,0.045108765,0.091255856,2
16/10/2018 13:00,15766.46667,21.20333333,24.7,10.08666667,6.373333333,16.45666667,20.75633333,1.38806E-05,2.3779E-05,0.048474027,0.083041205,2
16/10/2018 14:00,15522.13333,23.81333333,25.5,10.37,6.396666667,16.76666667,28.82766667,1.55475E-05,3.29372E-05,0.055317824,0.117190509,2
16/10/2018 15:00,14344.9,19.7,25.1,11.15666667,6.363333333,17.52333333,21.7,1.28792E-05,2.48267E-05,0.047892023,0.092319776,2
16/10/2018 16:00,13764,21.76666667,24.56666667,11.98,6.366666667,18.34,21.63266667,1.42558E-05,2.4794E-05,0.055481577,0.096495037,2
16/10/2018 17:00,14199.8,27.14,24.26666667,8.796666667,6.36,15.16,31.11866667,1.77929E-05,3.57022E-05,0.057240633,0.114855981,2
16/10/2018 18:00,14222.175,23.3125,23.725,10.2625,6.375,16.6375,27.873,1.53115E-05,3.20369E-05,0.054058499,0.11310893,2
16/10/2018 19:00,14401.5,43.56666667,22.7,7.463333333,6.353333333,13.81333333,52.96433333,2.87134E-05,6.10874E-05,0.084167018,0.179064364,2
16/10/2018 20:00,13003.63333,46.95333333,22.7,10.86333333,6.373333333,17.23666667,21.88366667,3.09454E-05,2.52399E-05,0.1131902,0.092321008,2
16/10/2018 21:00,13304.93333,28.73,22.63333333,10.95666667,6.38,17.33666667,16.57566667,1.89393E-05,1.91222E-05,0.069676803,0.070349601,2
16/10/2018 22:00,13575.93333,22.89333333,22.43333333,13.11666667,6.366666667,19.48333333,14.73766667,1.51019E-05,1.70133E-05,0.062438583,0.070341364,2
16/10/2018 23:00,13586.93333,17.69666667,22.4,14.26333333,6.383333333,20.64666667,13.39033333,1.16751E-05,1.54597E-05,0.051153004,0.067734372,2
17/10/2018 00:00,13416.76667,15.40666667,22.56666667,14.21333333,6.373333333,20.58666667,15.273,1.01586E-05,1.76233E-05,0.044379214,0.076989823,2
17/10/2018 01:00,13723.93333,17.81666667,22.53333333,12.09666667,6.356666667,18.45,23.96733333,1.1749E-05,2.76588E-05,0.045999877,0.108289906,2
17/10/2018 02:00,14776.53333,18.18,22.76666667,10.93,6.363333333,17.29,32.32833333,1.19792E-05,3.72781E-05,0.043952151,0.136775282,2
17/10/2018 03:00,15342.76667,17.24,22.76666667,12.37333333,6.35,18.72,39.87733333,1.13598E-05,4.59829E-05,0.045126782,0.182667491,2
17/10/2018 04:00,15945.1,17.11333333,22.8,12.46666667,6.373333333,18.83666667,34.85166667,1.1275E-05,4.01833E-05,0.04506932,0.160623098,2
17/10/2018 05:00,17573.7,19.1,22.63333333,8.95,6.346666667,15.29333333,65.82233333,1.2591E-05,7.59346E-05,0.040862272,0.246433909,2
17/10/2018 06:00,18112.93333,15.23666667,22.6,9.99,6.366666667,16.35666667,90.689,1.00454E-05,0.000104633,0.034867492,0.363181234,2
17/10/2018 07:00,18224.23333,12.72666667,22.66666667,9.306666667,6.363333333,15.67,74.92966667,8.38868E-06,8.64313E-05,0.027894701,0.287408028,2
17/10/2018 08:00,18158.33333,14.56,22.56666667,8.916666667,6.366666667,15.28,80.725,9.60036E-06,9.31477E-05,0.031129319,0.302032963,2
17/10/2018 09:00,17808.53333,19.94,22.46666667,8.576666667,6.373333333,14.95,90.334,1.31522E-05,0.000104271,0.04172517,0.330797528,2
17/10/2018 10:00,17058.8,28.00333333,23,9.093333333,6.356666667,15.44666667,74.21633333,1.84374E-05,8.55121E-05,0.060435686,0.28029882,2
17/10/2018 11:00,15467,32.98666667,24.46666667,11.30333333,6.393333333,17.69666667,37.83666667,2.16114E-05,4.33806E-05,0.081158375,0.162909281,2
17/10/2018 12:00,15088.73333,23.92,29.7,14.22,6.383333333,20.60333333,26.83133333,1.54005E-05,3.02311E-05,0.067333591,0.132175482,2
17/10/2018 13:00,15061.5,21.50666667,32.86666667,14.98,6.37,21.35,24.33633333,1.37034E-05,2.71363E-05,0.062084987,0.122943814,2
17/10/2018 14:00,15442.8,20.16666667,34.23333333,13.37666667,6.42,19.79333333,30.06533333,1.27925E-05,3.33753E-05,0.053732053,0.140185593,2
17/10/2018 15:00,15776.125,19.935,29.025,11.4075,6.4225,17.8275,35.41025,1.28635E-05,3.99862E-05,0.048664116,0.151272382,2
17/10/2018 16:00,15428.16667,19.90666667,31.43333333,12.10666667,6.413333333,18.52,33.51233333,1.27437E-05,3.75438E-05,0.050083432,0.147549673,2
17/10/2018 17:00,15352.86667,16.81666667,30.73333333,14.26666667,6.416666667,20.68333333,32.50566667,1.07903E-05,3.64999E-05,0.047360279,0.160203302,2
17/10/2018 18:00,15517.13333,15.83333333,26.63333333,12.85333333,6.456666667,19.30666667,31.18866667,1.02983E-05,3.55001E-05,0.042192267,0.145443849,2
17/10/2018 19:00,16216.7,21.58333333,23.6,11.10333333,6.42,17.52333333,51.14533333,1.41817E-05,5.88105E-05,0.052735759,0.218690917,2
17/10/2018 20:00,15741.9,28.29666667,22.96666667,12.49333333,6.443333333,18.93666667,40.77866667,1.86326E-05,4.69905E-05,0.074874968,0.18883063,2
17/10/2018 21:00,14846.56667,24.02666667,22.73333333,14.86666667,6.406666667,21.27,26.01766667,1.58334E-05,3.00046E-05,0.071466284,0.135429748,2
17/10/2018 22:00,14136.36667,18.77666667,22.53333333,16.54333333,6.416666667,22.96,23.85366667,1.23821E-05,2.75276E-05,0.060328736,0.13412166,2
17/10/2018 23:00,13992.8,19.03666667,22.23333333,15.48666667,6.44,21.92333333,26.47433333,1.25663E-05,3.05829E-05,0.058461801,0.142280168,2
18/10/2018 00:00,13975.1,21.78666667,22.1,12.69333333,6.443333333,19.13,26.43,1.43881E-05,3.05455E-05,0.058408566,0.123999794,2
18/10/2018 01:00,13874.5,17.99,22.03333333,14.13666667,6.44,20.57666667,24.929,1.18834E-05,2.88173E-05,0.051888969,0.12583075,2
18/10/2018 02:00,14494.3,18.69333333,22,15.52,6.453333333,21.97,28.25366667,1.23494E-05,3.26642E-05,0.057575101,0.152286296,2
18/10/2018 03:00,15253.46667,13.86666667,22,17.63333333,6.473333333,24.10666667,37.425,9.16075E-06,4.32672E-05,0.046862682,0.22133746,2
18/10/2018 04:00,16713,14.08333333,21.83333333,12.9,6.456666667,19.35666667,55.513,9.30915E-06,6.42151E-05,0.038238358,0.263770685,2
18/10/2018 05:00,18517.16667,12.41,21.3,9.09,6.48,15.56666667,101.2886667,8.21792E-06,0.000117379,0.027146668,0.387742725,2
18/10/2018 06:00,19388.86667,14.09,20.8,8.32,6.47,14.79,132.5613333,9.34629E-06,0.00015388,0.029333669,0.482959052,2
18/10/2018 07:00,19216,16.24,20.53333333,10.15666667,6.476666667,16.63333333,100.9026667,1.07822E-05,0.000117237,0.038058065,0.413810371,2
18/10/2018 08:00,17924.16667,16.25666667,20.86666667,11.81333333,6.48,18.29666667,63.71366667,1.07811E-05,7.39436E-05,0.041859324,0.28709879,2
18/10/2018 09:00,18376.53333,15.89666667,21.16666667,11.15,6.48,17.63,59.14866667,1.05316E-05,6.85757E-05,0.039400725,0.256555395,2
18/10/2018 10:00,18365.36667,25.82333333,22.46666667,10.72,6.483333333,17.20666667,62.62733333,1.70328E-05,7.22894E-05,0.062192902,0.263955361,2
18/10/2018 11:00,18288.625,46.995,24.725,8.845,6.4775,15.3225,71.56075,3.07623E-05,8.19749E-05,0.100024852,0.266544174,2
18/10/2018 12:00,17401.03333,37.25,26.2,11.29,6.476666667,17.76666667,47.235,2.42632E-05,5.38424E-05,0.091477367,0.202996873,2
18/10/2018 13:00,16686.13333,26.05666667,25.73333333,14.62666667,6.48,21.10333333,36.889,1.69988E-05,4.21148E-05,0.076125281,0.188601429,2
18/10/2018 14:00,16105.16667,15.44666667,24.6,16.20333333,6.473333333,22.67666667,30.07433333,1.01154E-05,3.44655E-05,0.0486769,0.165852565,2
18/10/2018 15:00,15927.9,12.58666667,25.06666667,16.97,6.45,23.42333333,28.75633333,8.22964E-06,3.29035E-05,0.040906112,0.163549429,2
18/10/2018 16:00,16128.56667,11.90333333,27.13333333,16.04333333,6.443333333,22.48,38.1,7.72928E-06,4.32946E-05,0.036871802,0.206532685,2
18/10/2018 17:00,16342.2,13.68,25.5,14.35333333,6.443333333,20.79666667,47.872,8.93152E-06,5.46964E-05,0.039416494,0.24138569,2
18/10/2018 18:00,15781.73333,12.14666667,23.7,15.98666667,6.46,22.44333333,34.607,7.97851E-06,3.97802E-05,0.037998645,0.189458021,2
18/10/2018 19:00,17088.93333,16.65,22.56666667,11.69666667,6.45,18.14333333,79.55233333,1.09784E-05,9.17946E-05,0.042268438,0.353421476,2
18/10/2018 20:00,17150.2,31.64333333,21.4,8.893333333,6.443333333,15.33666667,80.82466667,2.09472E-05,9.36321E-05,0.068173386,0.304729578,2
18/10/2018 21:00,15837.5,16.74666667,21.43333333,14.92,6.456666667,21.38333333,30.56533333,1.10847E-05,3.54047E-05,0.050298646,0.160655318,2
18/10/2018 22:00,16165.16667,17.36,20.93333333,13.57333333,6.486666667,20.06333333,37.07433333,1.15102E-05,4.30173E-05,0.049005304,0.183149089,2
18/10/2018 23:00,15847.53333,16.75333333,20.8,15.25333333,6.46,21.71333333,37.13766667,1.1113E-05,4.31103E-05,0.051205304,0.198639853,2
19/10/2018 00:00,15769.03333,12.23,20.66666667,16.17333333,6.476666667,22.65,35.94166667,8.11618E-06,4.17409E-05,0.039010267,0.200626699,2
19/10/2018 01:00,15828.7,10.24333333,20.66666667,18.02,6.49,24.50333333,34.202,6.79777E-06,3.97205E-05,0.035346851,0.206537531,2
19/10/2018 02:00,16170.3,8.88,20.53333333,17.49333333,6.506666667,24.00666667,41.36566667,5.8957E-06,4.80619E-05,0.030034902,0.244845049,2
19/10/2018 03:00,16885.3,9.81,20.06666667,12.78333333,6.5,19.28,49.30766667,6.52352E-06,5.73807E-05,0.026689969,0.234764035,2
19/10/2018 04:00,18807.93333,19.62666667,18.86666667,8.45,6.516666667,14.96666667,117.6326667,1.31051E-05,0.000137455,0.041622166,0.436560186,2
19/10/2018 05:00,19324.13333,14.93666667,18.36666667,7.43,6.52,13.95333333,95.983,9.99061E-06,0.000112349,0.029582097,0.332665403,2
19/10/2018 06:00,19420.175,17.3325,18.175,7.9975,6.5225,14.5225,80.20475,1.16007E-05,9.39425E-05,0.03575078,0.289509258,2
19/10/2018 07:00,19681.6,25.03,17.6,7.65,6.523333333,14.16666667,64.57566667,1.67858E-05,7.5786E-05,0.050462585,0.227832454,2
19/10/2018 08:00,19352.8,29.27333333,17.46666667,8.166666667,6.506666667,14.67666667,60.822,1.96405E-05,7.14135E-05,0.061170183,0.222416165,2
19/10/2018 09:00,18824.7,40.13666667,17.73333333,7.403333333,6.476666667,13.88333333,59.18533333,2.69045E-05,6.94281E-05,0.079264167,0.204544472,2
19/10/2018 10:00,18721.33333,58.16333333,19.76666667,6.113333333,6.5,12.61333333,31.44533333,3.87175E-05,3.66313E-05,0.10363245,0.098048449,2
19/10/2018 11:00,18107.2,54.04666667,25.13333333,6.766666667,6.5,13.26666667,21.07,3.53298E-05,2.41032E-05,0.099463201,0.067857226,2
19/10/2018 12:00,17280.06667,53.67333333,33,7.403333333,6.476666667,13.88333333,21.68566667,3.41843E-05,2.41701E-05,0.100711425,0.071208363,2
19/10/2018 13:00,16465.23333,38.14,36.73333333,10.98,6.436666667,17.41,20.613,2.39985E-05,2.26978E-05,0.088662899,0.083857226,2
19/10/2018 14:00,16464.03333,30.38,38.1,10.52,6.416666667,16.93,27.67066667,1.90318E-05,3.03354E-05,0.068374798,0.108984807,2
19/10/2018 15:00,15343.16667,21.12666667,38.93333333,13.22,6.41,19.63333333,22.54933333,1.31996E-05,2.46549E-05,0.054993978,0.102720212,2
19/10/2018 16:00,16079.53333,25.33333333,38.33333333,10.73,6.43,17.15333333,31.39133333,1.58584E-05,3.43886E-05,0.057725372,0.12517633,2
19/10/2018 17:00,16793.5,23.01666667,32.6,8.803333333,6.4,15.20333333,37,1.46784E-05,4.12929E-05,0.04735605,0.133221038,2
19/10/2018 18:00,16831.2,22.11333333,27.4,6.96,6.393333333,13.35666667,32.36366667,1.43463E-05,3.67435E-05,0.040662704,0.104144853,2
19/10/2018 19:00,16459.93333,25.63666667,22.46666667,7.696666667,6.403333333,14.10333333,22.185,1.69096E-05,2.56077E-05,0.050607525,0.076639211,2
19/10/2018 20:00,16421.2,25.47333333,21.2,8.836666667,6.396666667,15.22666667,19.10966667,1.68742E-05,2.21528E-05,0.054523945,0.071580157,2
19/10/2018 21:00,16271.2,26.32666667,20.8,8.383333333,6.396666667,14.77666667,17.611,1.74632E-05,2.04433E-05,0.054759513,0.064104094,2
19/10/2018 22:00,16135.4,39.61,20.83333333,9.6,6.39,15.98666667,13.963,2.62714E-05,1.62067E-05,0.089125246,0.054981006,2
19/10/2018 23:00,15827.66667,25.10666667,20.76666667,10.24,6.45,16.68666667,13.29866667,1.66558E-05,1.54392E-05,0.05897869,0.054670395,2
20/10/2018 00:00,15543.03333,25.40666667,20.53333333,10.83,6.423333333,17.25333333,12.20166667,1.68683E-05,1.41768E-05,0.061759261,0.051905288,2
20/10/2018 01:00,15576.1,27.43333333,20.36666667,11.57333333,6.416666667,17.99,13.167,1.82242E-05,1.53071E-05,0.069572509,0.058436469,2
20/10/2018 02:00,16278.05,25.1025,20.225,11.2725,6.45,17.7225,16.1365,1.66838E-05,1.87684E-05,0.062745061,0.070584601,2
20/10/2018 03:00,16877.2,24.73,19.83333333,9.83,6.413333333,16.24333333,18.57166667,1.64582E-05,2.16296E-05,0.056730557,0.074555873,2
20/10/2018 04:00,17958.56667,18.59,19.53333333,7.08,6.433333333,13.51666667,21.77933333,1.23846E-05,2.53914E-05,0.035523168,0.072830775,2
20/10/2018 05:00,18953,24.23666667,19.13333333,5.92,6.433333333,12.35333333,16.735,1.61685E-05,1.95372E-05,0.042385146,0.051215871,2
20/10/2018 06:00,19110.33333,23.64,18.66666667,6.213333333,6.456666667,12.66666667,15.50866667,1.57957E-05,1.81344E-05,0.042458086,0.048744481,2
20/10/2018 07:00,18400,21.40666667,18.96666667,8.123333333,6.453333333,14.57666667,16.976,1.42888E-05,1.98298E-05,0.044198916,0.061338901,2
20/10/2018 08:00,18409.1,23.08666667,18.66666667,7.333333333,6.43,13.76666667,23.25233333,1.5426E-05,2.71892E-05,0.04506513,0.079429894,2
20/10/2018 09:00,18588.8,39.58,19.03333333,7.846666667,6.436666667,14.28333333,21.79333333,2.64133E-05,2.54512E-05,0.080059083,0.077143001,2
20/10/2018 10:00,17059.1,57.28666667,19.8,6.736666667,6.44,13.17333333,14.25,3.81296E-05,1.65982E-05,0.10658999,0.046399765,2
20/10/2018 11:00,16731.13333,63.12333333,23.33333333,9.183333333,6.426666667,15.61,9.18,4.15137E-05,1.05653E-05,0.137516,0.034998065,2
20/10/2018 12:00,17544.76667,45,24.5,8.61,6.423333333,15.03333333,11.15,2.94787E-05,1.27823E-05,0.094042161,0.040777726,2
20/10/2018 13:00,16564.26667,51.08,33.93333333,9.73,6.436666667,16.16,7.473333333,3.24337E-05,8.3042E-06,0.111223533,0.02847726,2
20/10/2018 14:00,15828.9,32.31333333,28.9,10.71333333,6.42,17.14,10.484,2.08595E-05,1.18437E-05,0.075870759,0.043078218,2
20/10/2018 15:00,15058.8,35.97,28.86666667,9.863333333,6.406666667,16.26666667,8.873,2.32226E-05,1.00249E-05,0.080162044,0.034604842,2
20/10/2018 16:00,14086.3,28.69666667,27.2,12.11333333,6.43,18.54333333,8.944,1.86297E-05,1.01612E-05,0.073308159,0.03998441,2
20/10/2018 17:00,14307.43333,22.49,26.53333333,11.67666667,6.42,18.09666667,10.133,1.46328E-05,1.15376E-05,0.056193507,0.044307044,2
20/10/2018 18:00,14893.43333,22.70666667,24.83333333,11.42,6.406666667,17.82666667,10.81966667,1.48581E-05,1.23897E-05,0.056207238,0.04686955,2
20/10/2018 19:00,14531.13333,19.56333333,23.06666667,12.52,6.4,18.92333333,9.940666667,1.28776E-05,1.14511E-05,0.051712043,0.045983539,2
20/10/2018 20:00,14613.4,20.01,22.36666667,12.08666667,6.43,18.52333333,10.84433333,1.32028E-05,1.25216E-05,0.051897321,0.049219677,2
20/10/2018 21:00,14881.6,21.98333333,22.03333333,12.04,6.426666667,18.46666667,11.31866667,1.45212E-05,1.30841E-05,0.056905063,0.051273231,2
20/10/2018 22:00,15180.975,22.4525,21.65,10.11,6.4,16.505,11.3215,1.48504E-05,1.31044E-05,0.052013184,0.045897682,2
20/10/2018 23:00,15115.2,22.43333333,21.26666667,9.286666667,6.426666667,15.71333333,9.891333333,1.48571E-05,1.14639E-05,0.049540505,0.038226057,2
21/10/2018 00:00,15212.73333,20.49666667,21.16666667,8.983333333,6.413333333,15.39333333,9.734333333,1.35791E-05,1.12858E-05,0.044356957,0.036865724,2
21/10/2018 01:00,15253.93333,23.23,20.83333333,9.08,6.44,15.52,9.359666667,1.54074E-05,1.08637E-05,0.050743323,0.035778994,2
21/10/2018 02:00,15820.33333,25.85666667,20.46666667,8.226666667,6.423333333,14.65333333,9.637,1.71709E-05,1.11996E-05,0.053393569,0.034825417,2
21/10/2018 03:00,16234.16667,27.85,20.63333333,7.626666667,6.406666667,14.03333333,10.263,1.84842E-05,1.19203E-05,0.055045215,0.035498234,2
21/10/2018 04:00,16605.93333,22.60333333,20.56666667,8.333333333,6.393333333,14.72666667,13.65866667,1.50053E-05,1.58679E-05,0.046893111,0.049588721,2
21/10/2018 05:00,18208.93333,21.35333333,19.8,6.04,6.42,12.45666667,16.57633333,1.42126E-05,1.93079E-05,0.037569439,0.051038223,2
21/10/2018 06:00,17784.03333,21.79333333,19.9,7.563333333,6.42,13.98,14.189,1.45005E-05,1.65215E-05,0.043017958,0.049013529,2
21/10/2018 07:00,17720.8,24.47333333,20.5,6.773333333,6.406666667,13.18,15.56933333,1.62504E-05,1.80917E-05,0.045450558,0.050600424,2
21/10/2018 08:00,18071.76667,20.44,20.76666667,7.89,6.41,14.29666667,14.50433333,1.356E-05,1.68389E-05,0.041138851,0.05108661,2
21/10/2018 09:00,18389.03333,16.72333333,20.46666667,7.353333333,6.4,13.75333333,18.70866667,1.11056E-05,2.17421E-05,0.032412371,0.063455437,2
21/10/2018 10:00,18049.43333,20.40666667,21.33333333,8.09,6.423333333,14.51333333,19.06566667,1.35118E-05,2.20918E-05,0.041613976,0.068038884,2
21/10/2018 11:00,16822.8,25.24666667,30.56666667,6.516666667,6.403333333,12.92,15.134,1.62083E-05,1.7003E-05,0.044438421,0.046617218,2
21/10/2018 12:00,15803.43333,33.46,34.1,9.23,6.413333333,15.64666667,9.176666667,2.12342E-05,1.01914E-05,0.070504456,0.033838697,2
21/10/2018 13:00,15574.7,28.39,35.23333333,12.10666667,6.39,18.49666667,8.318333333,1.79505E-05,9.20418E-06,0.070457731,0.036127477,2
21/10/2018 14:00,15491,33.06333333,37.46666667,11.21,6.403333333,17.61333333,9.75,2.0755E-05,1.07107E-05,0.077575418,0.040033186,2
21/10/2018 15:00,14894.1,35.40333333,39.36666667,12.05333333,6.406666667,18.45666667,9.606333333,2.20888E-05,1.04888E-05,0.086513708,0.041080571,2
21/10/2018 16:00,14180.825,27.8775,36.825,12.1675,6.4125,18.5825,9.6825,1.75359E-05,1.06586E-05,0.069149968,0.042030419,2
21/10/2018 17:00,13480.63333,20.83333333,27.4,12.82333333,6.396666667,19.21666667,8.198,1.35159E-05,9.30746E-06,0.055116391,0.037954911,2
21/10/2018 18:00,13095.8,21.32,24.8,14.78,6.383333333,21.16333333,7.836,1.39523E-05,8.9741E-06,0.062659737,0.040302673,2
21/10/2018 19:00,13230.26667,19.57333333,23.76666667,14.48333333,6.403333333,20.88333333,8.079333333,1.28538E-05,9.28498E-06,0.056962721,0.041147126,2
21/10/2018 20:00,13239.2,19.46333333,22.73333333,14.32333333,6.416666667,20.74,8.109,1.28262E-05,9.35162E-06,0.056450287,0.041158002,2
21/10/2018 21:00,13087.86667,17.78666667,22.43333333,14.17333333,6.42,20.59333333,7.989666667,1.17332E-05,9.22335E-06,0.051274562,0.040306409,2
21/10/2018 22:00,12773.2,16.39,22.26666667,13.77,6.416666667,20.18666667,7.812333333,1.0818E-05,9.02372E-06,0.046341412,0.038655306,2
21/10/2018 23:00,12183.2,14.64333333,22.36666667,14.60333333,6.413333333,21.02,7.134666667,9.66184E-06,8.23819E-06,0.04309743,0.036747107,2
22/10/2018 00:00,12559.16667,14.98333333,21.9,14.02,6.456666667,20.47666667,7.889,9.90181E-06,9.1236E-06,0.043026178,0.039644627,2
22/10/2018 01:00,12823.2,15.49,21.53333333,14.40333333,6.446666667,20.85,8.174666667,1.02494E-05,9.46574E-06,0.045348465,0.041881215,2
22/10/2018 02:00,13363.76667,17.01333333,21.33333333,13.56,6.446666667,20.00333333,9.081333333,1.1265E-05,1.05227E-05,0.047818038,0.044667331,2
22/10/2018 03:00,14310.16667,16.63333333,21.03333333,11.9,6.46,18.36333333,10.829,1.10246E-05,1.25606E-05,0.042960906,0.048946376,2
22/10/2018 04:00,15397.23333,13.15333333,20.76666667,10.24666667,6.486666667,16.73,13.63633333,8.72596E-06,1.58312E-05,0.03097906,0.05620411,2
22/10/2018 05:00,16653.8,12.35333333,19.7,7.65,6.476666667,14.12,15.74866667,8.22509E-06,1.83501E-05,0.024645312,0.054983451,2
22/10/2018 06:00,16871.13333,14.27666667,19.16666667,6.88,6.49,13.36666667,13.619,9.52303E-06,1.58976E-05,0.027012019,0.045093453,2
22/10/2018 07:00,16252.63333,16.06333333,18.76666667,7.75,6.493333333,14.24333333,13.03733333,1.07295E-05,1.52395E-05,0.032430161,0.046061731,2
22/10/2018 08:00,15966.13333,27.41666667,18.06666667,6.433333333,6.503333333,12.93333333,13.59633333,1.83569E-05,1.59311E-05,0.050381325,0.043723486,2
22/10/2018 09:00,15784,29.51666667,18.03333333,7.006666667,6.526666667,13.53,14.31933333,1.97653E-05,1.67802E-05,0.05674914,0.048178449,2
22/10/2018 10:00,13789.83333,38.65333333,21.03333333,10.65333333,6.536666667,17.19,7.611333333,2.56195E-05,8.82841E-06,0.093455626,0.032204554,2
22/10/2018 11:00,14418.05,31.13,27.85,11.8725,6.52,18.39,7.008,2.01658E-05,7.94452E-06,0.078696432,0.03100331,2
22/10/2018 12:00,14667.26667,37.41666667,30.53333333,10.5,6.51,17.01,8.084,2.4024E-05,9.08333E-06,0.086717977,0.032787507,2
22/10/2018 13:00,14744.06667,55.23666667,32.13333333,8.003333333,6.5,14.50333333,6.396666667,3.52798E-05,7.14974E-06,0.108580762,0.022004788,2
22/10/2018 14:00,14103.03333,38.54333333,33,11.76333333,6.51,18.27666667,6.360666667,2.4548E-05,7.08938E-06,0.095207834,0.027495657,2
22/10/2018 15:00,14487.46667,30.94333333,31.4,7.87,6.493333333,14.36,6.373,1.98112E-05,7.14044E-06,0.06037034,0.021758978,2
22/10/2018 16:00,14455.23333,29.54333333,30.36666667,7.723333333,6.516666667,14.24333333,5.222666667,1.89792E-05,5.87151E-06,0.057365301,0.017746803,2
22/10/2018 17:00,14821.86667,34.64333333,27.36666667,7.466666667,6.516666667,13.98,4.881333333,2.24778E-05,5.54255E-06,0.066683589,0.016442801,2
22/10/2018 18:00,15765.7,41.22,24.46666667,3.143333333,6.483333333,9.63,3.279,2.70055E-05,3.75945E-06,0.055187118,0.007682617,2
22/10/2018 19:00,15084.7,49.73333333,21.23333333,3.383333333,6.493333333,9.87,2.461666667,3.2941E-05,2.85336E-06,0.068994138,0.005976293,2
22/10/2018 20:00,13954.73333,45.88,20.43333333,5.713333333,6.5,12.21333333,2.479333333,3.04715E-05,2.88166E-06,0.078974505,0.007468553,2
22/10/2018 21:00,14050.06667,28.78666667,20.2,11.89,6.496666667,18.38666667,3.829,1.91341E-05,4.45389E-06,0.074656732,0.017378049,2
22/10/2018 22:00,14042.3,23.43,20.03333333,12.97333333,6.496666667,19.47,3.940333333,1.55824E-05,4.58599E-06,0.064381286,0.018947782,2
22/10/2018 23:00,13816.33333,18.41333333,20.76666667,15.59666667,6.493333333,22.09,4.135666667,1.22155E-05,4.80133E-06,0.057261749,0.022506904,2
23/10/2018 00:00,14445.86667,29.66,20.5,12.43666667,6.486666667,18.92,3.670666667,1.96944E-05,4.26535E-06,0.079072043,0.017125167,2
23/10/2018 01:00,14468.46667,26.48,20.2,10.66333333,6.5,17.16,3.676333333,1.76009E-05,4.2763E-06,0.064092891,0.015572015,2
23/10/2018 02:00,14347.56667,24.33333333,20.13333333,13.01,6.5,19.51333333,5.071666667,1.61777E-05,5.9007E-06,0.066989444,0.024433941,2
23/10/2018 03:00,15033.83333,24.02,20.4,9.08,6.493333333,15.57333333,6.754666667,1.59549E-05,7.85166E-06,0.052727015,0.025947896,2
23/10/2018 04:00,16842.53333,26.92,20.03333333,5.516666667,6.493333333,12.00666667,6.790333333,1.79035E-05,7.90299E-06,0.045616181,0.020135991,2
23/10/2018 05:00,17867.83333,24.58,20.03333333,5.263333333,6.463333333,11.72666667,7.838666667,1.63472E-05,9.12311E-06,0.040679712,0.022702633,2
23/10/2018 06:00,18601.7,20.68,19.83333333,4.773333333,6.466666667,11.24333333,9.697666667,1.37629E-05,1.12944E-05,0.032836994,0.02694748,2
23/10/2018 07:00,18352.925,21.485,19.775,5.2675,6.4575,11.7275,11.16975,1.43015E-05,1.30115E-05,0.035591398,0.03238107,2
23/10/2018 08:00,17386.8,23.22,20.23333333,6.063333333,6.476666667,12.53666667,13.356,1.54322E-05,1.55339E-05,0.04105533,0.041325849,2
23/10/2018 09:00,16927.1,37.06,20.4,5.24,6.453333333,11.69333333,13.96233333,2.46164E-05,1.62299E-05,0.06108328,0.040272907,2
23/10/2018 10:00,15580.43333,54.56,20.93333333,5.256666667,6.436666667,11.68666667,6.171666667,3.61748E-05,7.16097E-06,0.089712982,0.01775912,2
23/10/2018 11:00,14582.2,56.25666667,24.63333333,6.623333333,6.446666667,13.07,4.048666667,3.68363E-05,4.63929E-06,0.102166822,0.012867257,2
23/10/2018 12:00,13696.73333,37.12666667,25.73333333,11.74666667,6.453333333,18.19666667,3.752666667,2.42207E-05,4.28428E-06,0.093526954,0.016543556,2
23/10/2018 13:00,14878,41.56,27.83333333,8.183333333,6.44,14.62,4.438666667,2.69237E-05,5.03211E-06,0.083529744,0.015611916,2
23/10/2018 14:00,14391.73333,46.88,27.33333333,13.45,6.453333333,19.9,4.303,3.04207E-05,4.88642E-06,0.128463864,0.020634919,2
23/10/2018 15:00,14495.3,24.30666667,31.2,15.29,6.42,21.70666667,6.855,1.55723E-05,7.68553E-06,0.071730841,0.035401856,2
23/10/2018 16:00,14767.3,22.55333333,28,14.43333333,6.443333333,20.87666667,8.426666667,1.46026E-05,9.54801E-06,0.064691872,0.042299267,2
23/10/2018 17:00,14755.9,23.01,26.46666667,15.07333333,6.42,21.49333333,8.504333333,1.49745E-05,9.68532E-06,0.068299121,0.044175026,2
23/10/2018 18:00,15448.03333,38.56,23.03333333,3.27,6.416666667,9.683333333,6.908,2.53851E-05,7.95851E-06,0.05216293,0.016353674,2
23/10/2018 19:00,14806.6,52.51,22.3,3.106666667,6.42,9.523333333,2.908666667,3.46545E-05,3.35931E-06,0.070033801,0.006788873,2
23/10/2018 20:00,13052.56667,31.53666667,22.3,14.09,6.406666667,20.49666667,3.583333333,2.08129E-05,4.1385E-06,0.090526498,0.018000526,2
23/10/2018 21:00,13222.63333,22.52333333,22.36666667,16.59333333,6.413333333,23,5.061,1.48612E-05,5.84378E-06,0.072533596,0.028522063,2
23/10/2018 22:00,14069.66667,21.72,22.36666667,16.43666667,6.42,22.85666667,6.128333333,1.43311E-05,7.0762E-06,0.069510662,0.034321956,2
23/10/2018 23:00,14019.4,18.33666667,22.3,16.93333333,6.42,23.35666667,6.603333333,1.21015E-05,7.62639E-06,0.059980205,0.037799741,2
24/10/2018 00:00,13965.46667,18.69666667,22.23333333,15.57333333,6.42,21.99,6.904,1.23418E-05,7.97544E-06,0.057592259,0.037216777,2
24/10/2018 01:00,13929.76667,18.62,22.23333333,16.61,6.41,23.02333333,7.653,1.22912E-05,8.84068E-06,0.060051323,0.04319293,2
24/10/2018 02:00,14126.675,13.3975,22.55,17.57,6.39,23.96,9.59825,8.83434E-06,1.10759E-05,0.044917952,0.056315285,2
24/10/2018 03:00,15181.83333,16.68333333,22.73333333,16.62,6.403333333,23.02333333,13.34366667,1.09942E-05,1.53884E-05,0.05371446,0.075183341,2
24/10/2018 04:00,16013.03333,13.34333333,22.83333333,17.59666667,6.413333333,24.01,17.11066667,8.7902E-06,1.9726E-05,0.044786789,0.100505672,2
24/10/2018 05:00,16781.76667,10.64666667,22.96666667,13.48,6.396666667,19.87666667,24.375,7.01056E-06,2.80881E-05,0.029570254,0.118474276,2
24/10/2018 06:00,17927.16667,10.99,22.93333333,10.19666667,6.39,16.58666667,42.09133333,7.23745E-06,4.85086E-05,0.025474375,0.17074051,2
24/10/2018 07:00,18135.6,13.04333333,22.46666667,9.1,6.393333333,15.49666667,46.87766667,8.60323E-06,5.41099E-05,0.028291675,0.17794021,2
24/10/2018 08:00,17015.83333,16.05666667,22.43333333,9.783333333,6.416666667,16.20333333,42.287,1.0592E-05,4.88165E-05,0.036420047,0.167853359,2
24/10/2018 09:00,16371.8,21.89,22.13333333,7.023333333,6.406666667,13.43333333,31.73466667,1.44547E-05,3.6672E-05,0.041205132,0.104538806,2
24/10/2018 10:00,15764.46667,26.91,22.33333333,10.94333333,6.413333333,17.35666667,22.22266667,1.77575E-05,2.56627E-05,0.065404513,0.094520986,2
24/10/2018 11:00,15655.53333,25.70666667,23.63333333,14.75,6.46,21.20333333,15.58933333,1.68892E-05,1.79237E-05,0.075992562,0.080647501,2
24/10/2018 12:00,14795.26667,33.21333333,31.16666667,16.63,6.413333333,23.04333333,11.429,2.12808E-05,1.28151E-05,0.104062131,0.062665215,2
24/10/2018 13:00,14252.36667,17.69,33.66666667,18.16333333,6.443333333,24.60666667,10.685,1.12422E-05,1.18833E-05,0.058703279,0.06205076,2
24/10/2018 14:00,14006.7,17.86,33.53333333,16.18666667,6.43,22.61666667,18.62933333,1.13552E-05,2.07275E-05,0.054498,0.099479701,2
24/10/2018 15:00,11215.4,14.55333333,32.5,15.71,6.416666667,22.12666667,22.19933333,9.2841E-06,2.47831E-05,0.043592799,0.116367114,2
24/10/2018 16:00,10299.03333,16.11333333,35.5,14.19,6.406666667,20.60333333,28.15333333,1.01794E-05,3.11246E-05,0.044505869,0.136081713,2
24/10/2018 17:00,10539.23333,22.47,30.9,12.69,6.316666667,19.01,24.61233333,1.44099E-05,2.76215E-05,0.058130073,0.111426537,2
24/10/2018 18:00,9603.823333,36.17,25.26666667,7.426666667,6.393333333,13.82,15.44066667,2.36335E-05,1.76556E-05,0.069309723,0.051778534,2
24/10/2018 19:00,9483.966667,64.89333333,21.83333333,8.306666667,6.406666667,14.71333333,14.67733333,4.28948E-05,1.69781E-05,0.13392892,0.053010206,2
24/10/2018 20:00,11307.23333,33.21,21.8,13.97666667,6.376666667,20.35666667,15.13166667,2.19544E-05,1.75056E-05,0.094839188,0.075621235,2
24/10/2018 21:00,12552.63333,31.40333333,21.53333333,14.61666667,6.37,20.98666667,7.462,2.07789E-05,8.64051E-06,0.092538899,0.038480603,2
24/10/2018 22:00,12624.13333,26.85333333,21.53333333,15.16666667,6.41,21.57666667,7.102333333,1.77682E-05,8.22404E-06,0.081355641,0.037655513,2
24/10/2018 23:00,13278.3,25.97,21.375,14.8475,6.4,21.25,7.62625,1.7193E-05,8.83545E-06,0.077529933,0.039842497,2
25/10/2018 00:00,13150.36667,23.87,21.3,14.70666667,6.41,21.11666667,7.442,1.58068E-05,8.62418E-06,0.070831577,0.038645792,2
25/10/2018 01:00,13861.1,23.08333333,21.7,16.23,6.393333333,22.62333333,8.868,1.52651E-05,1.02628E-05,0.073284929,0.049269696,2
25/10/2018 02:00,14756.36667,29.04333333,21.86666667,16.36333333,6.386666667,22.75,11.11733333,1.91956E-05,1.28586E-05,0.092670605,0.062077499,2
25/10/2018 03:00,15178.16667,19.12,21.83333333,18.36333333,6.41,24.77333333,13.25333333,1.26384E-05,1.53309E-05,0.066440906,0.080595506,2
25/10/2018 04:00,16266.46667,14.52666667,21.7,17.04666667,6.41,23.45333333,22.58033333,9.60653E-06,2.61318E-05,0.047811251,0.13005664,2
25/10/2018 05:00,17043.3,11.5,21.53333333,16.48,6.386666667,22.87,31.50333333,7.60929E-06,3.64788E-05,0.036929134,0.177037732,2
25/10/2018 06:00,17923.3,16.95666667,21.6,12.17666667,6.373333333,18.55,41.81466667,1.12173E-05,4.84077E-05,0.044156157,0.19055374,2
25/10/2018 07:00,18478.5,12.61333333,21.8,14.19333333,6.383333333,20.57666667,46.30466667,8.33841E-06,5.35693E-05,0.036409707,0.233910717,2
25/10/2018 08:00,18371.63333,16.07333333,21.56666667,10.47333333,6.4,16.87333333,45.884,1.06342E-05,5.31247E-05,0.038077009,0.190220009,2
25/10/2018 09:00,18164.4,21.44666667,21.46666667,11.77,6.383333333,18.15,40.784,1.4194E-05,4.72359E-05,0.054668834,0.181931489,2
25/10/2018 10:00,17691.36667,23.04,22.13333333,14.44333333,6.403333333,20.84666667,31.808,1.52141E-05,3.67568E-05,0.067303996,0.162604585,2
25/10/2018 11:00,16652.2,22.03333333,22.53333333,16.5,6.383333333,22.88,24.514,1.45297E-05,2.82896E-05,0.070545622,0.137354247,2
25/10/2018 12:00,16189.7,22.64,22.9,16.62333333,6.376666667,23.00666667,18.84,1.49112E-05,2.17148E-05,0.072799056,0.106015232,2
25/10/2018 13:00,15829.43333,27.47666667,22.93333333,18.11333333,6.386666667,24.5,17.31766667,1.80947E-05,1.99579E-05,0.09407557,0.103762454,2
25/10/2018 14:00,15972.33333,21.85666667,23.16666667,17.02,6.376666667,23.39666667,19.29366667,1.43823E-05,2.22177E-05,0.071407286,0.110309119,2
25/10/2018 15:00,16746.56667,19,22.8,16.24,6.38,22.62,29.77966667,1.25181E-05,3.43353E-05,0.06008811,0.164813516,2
25/10/2018 16:00,16553.36667,15.40333333,22.83333333,16.37666667,6.343333333,22.71333333,29.179,1.01473E-05,3.3639E-05,0.048909027,0.162137234,2
25/10/2018 17:00,15947.43333,15.09333333,22.8,16.40666667,6.36,22.76666667,29.66566667,9.94417E-06,3.42039E-05,0.04804265,0.165247141,2
25/10/2018 18:00,16129.36667,14.36666667,22.53333333,16.31,6.366666667,22.67666667,35.533,9.47395E-06,4.10058E-05,0.045589946,0.197325396,2
25/10/2018 19:00,16251.775,14.02,22.4,17.5675,6.3775,23.945,28.906,9.24951E-06,3.33731E-05,0.046999429,0.169578431,2
25/10/2018 20:00,16217.2,12.80666667,22.43333333,18.02333333,6.373333333,24.39666667,29.421,8.44808E-06,3.39639E-05,0.043736834,0.175835563,2
25/10/2018 21:00,16110.9,14.21,22.36666667,17.01333333,6.346666667,23.36,27.66766667,9.37592E-06,3.1947E-05,0.046477807,0.158366067,2
25/10/2018 22:00,15799.06667,18.83,22.2,17.43666667,6.376666667,23.80333333,24.94566667,1.24313E-05,2.88203E-05,0.062793084,0.145577633,2
25/10/2018 23:00,15349.56667,17.51,22.2,17.65,6.346666667,23.99666667,21.366,1.15598E-05,2.46846E-05,0.058865492,0.125700181,2
26/10/2018 00:00,15463.8,15.19,22.16666667,17.91666667,6.36,24.27333333,22.15133333,1.00293E-05,2.55948E-05,0.051660657,0.131837838,2
26/10/2018 01:00,15470.6,12.79333333,22.13333333,18.2,6.373333333,24.57,20.41766667,8.44786E-06,2.35943E-05,0.044046421,0.123018681,2
26/10/2018 02:00,15983.76667,16.38,22.03333333,18.18,6.366666667,24.54666667,22.41833333,1.08199E-05,2.5915E-05,0.056360557,0.134990359,2
26/10/2018 03:00,16343.03333,14.07333333,22.1,18.56333333,6.35,24.91333333,26.816,9.29413E-06,3.09916E-05,0.049135977,0.163845556,2
26/10/2018 04:00,17247.53333,13.33,22,16.87333333,6.33,23.20333333,33.95966667,8.80621E-06,3.92609E-05,0.043360914,0.193316867,2
26/10/2018 05:00,17653.5,10.02666667,22,17.64,6.333333333,23.97666667,36.93633333,6.62393E-06,4.27023E-05,0.03370259,0.217269385,2
26/10/2018 06:00,18569.66667,10.84666667,22.1,15.65,6.316666667,21.97,52.80033333,7.16322E-06,6.1022E-05,0.033396206,0.284495599,2
26/10/2018 07:00,18147.93333,11.10333333,21.76666667,15.77,6.32,22.09,48.32066667,7.34101E-06,5.59079E-05,0.034412044,0.262076484,2
26/10/2018 08:00,18223.36667,13.33,21.3,12.79,6.31,19.1,43.55566667,8.82715E-06,5.04746E-05,0.035777719,0.204580959,2
26/10/2018 09:00,18026.86667,23.73666667,20.43333333,12.24666667,6.32,18.57,52.19633333,1.57649E-05,6.06664E-05,0.062124217,0.239066784,2
26/10/2018 10:00,18019.9,25.74333333,21.6,15.92666667,6.34,22.26666667,42.498,1.70299E-05,4.91988E-05,0.080468677,0.232470914,2
26/10/2018 11:00,16973,24.16,26.9,17.55333333,6.343333333,23.89333333,32.71,1.57002E-05,3.71986E-05,0.07960507,0.188608991,2
26/10/2018 12:00,15927.46667,19.88333333,27.46666667,17.52666667,6.336666667,23.86,22.59566667,1.28967E-05,2.56479E-05,0.065299111,0.129861759,2
26/10/2018 13:00,16316.26667,14.98333333,24.5,15.95333333,6.313333333,22.26666667,27.63933333,9.81532E-06,3.16856E-05,0.046378687,0.149718553,2
26/10/2018 14:00,15923.76667,16.90666667,27.93333333,17.16333333,6.32,23.48,26.167,1.0949E-05,2.96556E-05,0.054554434,0.147762438,2
26/10/2018 15:00,16120.275,13.27,25.725,16.9825,6.3425,23.325,27.2315,8.65731E-06,3.10901E-05,0.042851268,0.153887153,2
26/10/2018 16:00,16251.13333,10.59333333,24.3,17.15333333,6.353333333,23.50333333,29.55633333,6.94417E-06,3.3906E-05,0.034634491,0.169108244,2
26/10/2018 17:00,16253.6,9.226666667,23.46666667,17.20666667,6.34,23.54666667,29.16166667,6.06528E-06,3.35472E-05,0.030306753,0.167627383,2
26/10/2018 18:00,16254.66667,13.19666667,21.9,17.30333333,6.343333333,23.64333333,31.26133333,8.72108E-06,3.61536E-05,0.043756041,0.181392497,2
26/10/2018 19:00,15979.1,11.04,20.53333333,17.47666667,6.33,23.80666667,31.33833333,7.32979E-06,3.64113E-05,0.037029603,0.183947514,2
26/10/2018 20:00,15844.7,10.94333333,20,17.50333333,6.34,23.84333333,28.5,7.27883E-06,3.31738E-05,0.036828785,0.167849738,2
26/10/2018 21:00,16026.76667,14.61,19.9,17.50333333,6.353333333,23.85666667,28.37933333,9.72099E-06,3.30446E-05,0.049212898,0.167289608,2
26/10/2018 22:00,16227.96667,14.58,19.8,15.56666667,6.35,21.91333333,32.37033333,9.70434E-06,3.77045E-05,0.045126656,0.175331864,2
26/10/2018 23:00,16365.26667,18.1,19.73333333,14.51666667,6.353333333,20.87,33.86033333,1.205E-05,3.9449E-05,0.053366295,0.174709997,2
27/10/2018 00:00,16015.13333,15.78666667,19.56666667,15.43666667,6.376666667,21.81,24.791,1.05159E-05,2.88992E-05,0.048669775,0.133752219,2
27/10/2018 01:00,16433.66667,20.63666667,19.53333333,13.05666667,6.383333333,19.44333333,29.367,1.37481E-05,3.42375E-05,0.056724799,0.141263854,2
27/10/2018 02:00,16789.9,19.03333333,19.23333333,13.87,6.373333333,20.24333333,30.54566667,1.2693E-05,3.56481E-05,0.054526165,0.153136162,2
27/10/2018 03:00,17957.23333,15.72333333,19.03333333,11.98,6.393333333,18.37666667,45.293,1.04928E-05,5.28951E-05,0.040918208,0.2062724,2
27/10/2018 04:00,18573.2,20.34666667,18.96666667,7.503333333,6.38,13.88,48.52466667,1.35812E-05,5.66821E-05,0.040002496,0.166953077,2
27/10/2018 05:00,18954.1,17.53,18.23333333,8.126666667,6.403333333,14.53,49.19166667,1.17306E-05,5.76059E-05,0.036169584,0.17761972,2
27/10/2018 06:00,19508.46667,20.27,17.76666667,5.796666667,6.38,12.17333333,60.70566667,1.35859E-05,7.12034E-05,0.035095816,0.183936908,2
27/10/2018 07:00,20246.93333,27.46333333,16.9,1.396666667,6.393333333,7.79,60.12566667,1.84621E-05,7.07338E-05,0.030519578,0.116929268,2
27/10/2018 08:00,20312.675,31.835,16.825,2.63,6.3975,9.03,47.66575,2.14065E-05,5.609E-05,0.041019724,0.107481164,2
27/10/2018 09:00,20081.4,31.00666667,16.63333333,2.363333333,6.39,8.753333333,40.79833333,2.08633E-05,4.80407E-05,0.038753937,0.089236232,2
27/10/2018 10:00,19377.76667,24.17,20.53333333,7.136666667,6.423333333,13.56,30.467,1.60472E-05,3.53989E-05,0.046176151,0.101861207,2
27/10/2018 11:00,18804.96667,26.05666667,22.5,8.966666667,6.396666667,15.36,29.323,1.71847E-05,3.38431E-05,0.056013522,0.110311419,2
27/10/2018 12:00,18258.56667,39.09333333,20.96666667,10.64666667,6.403333333,17.04666667,24.30233333,2.5917E-05,2.81947E-05,0.093752579,0.101992102,2
27/10/2018 13:00,18026.53333,48.86,19.63333333,6.633333333,6.393333333,13.03,21.729,3.25394E-05,2.53241E-05,0.089973003,0.070022327,2
27/10/2018 14:00,16885.5,58.52333333,19.63333333,8.03,6.373333333,14.40666667,13.414,3.89749E-05,1.56333E-05,0.119153526,0.04779409,2
27/10/2018 15:00,15782.56667,44.98666667,18.83333333,10.38,6.383333333,16.76333333,10.76,3.00419E-05,1.25746E-05,0.106867788,0.044731486,2
27/10/2018 16:00,14975.13333,25.25666667,17.8,12.65,6.37,19.01666667,10.518,1.69262E-05,1.23354E-05,0.068305041,0.049779203,2
27/10/2018 17:00,14937.4,18.11666667,18.1,14.39666667,6.376666667,20.77666667,10.80933333,1.21287E-05,1.26641E-05,0.053474769,0.055835137,2
27/10/2018 18:00,15108.93333,15.17333333,18.3,13.94333333,6.386666667,20.33333333,12.714,1.01512E-05,1.48853E-05,0.04380122,0.064228158,2
27/10/2018 19:00,14793.16667,19.42,18.46666667,14.74,6.37,21.11,12.11866667,1.29849E-05,1.41802E-05,0.058168224,0.063522776,2
27/10/2018 20:00,14783.2,25.54,18.46666667,13.52,6.38,19.9,11.32166667,1.7077E-05,1.32476E-05,0.072114453,0.055943526,2
27/10/2018 21:00,14849.16667,18.40333333,18.23333333,12.66333333,6.38,19.04333333,10.56566667,1.2315E-05,1.23729E-05,0.04976631,0.050000449,2
27/10/2018 22:00,14789.43333,16.84666667,18.03333333,11.99666667,6.41,18.41,9.826,1.1281E-05,1.15146E-05,0.044071917,0.044984487,2
27/10/2018 23:00,15377.06667,17.09666667,17.93333333,11.18666667,6.41,17.59,13.23566667,1.14524E-05,1.55156E-05,0.042748476,0.057915266,2
28/10/2018 00:00,15687.56667,16.62333333,17.76666667,12.26666667,6.393333333,18.66,13.72966667,1.11417E-05,1.61039E-05,0.044118612,0.063767849,2
28/10/2018 01:00,15717.9,17.21666667,17.6,12.23666667,6.403333333,18.63333333,12.88933333,1.1546E-05,1.51269E-05,0.045654184,0.059813611,2
28/10/2018 02:00,16477.75,16.67,17.5,11.065,6.4175,17.4775,17.09275,1.11832E-05,2.0067E-05,0.041476803,0.07442514,2
28/10/2018 03:00,17645.94,17.772,16.9,6.836,6.418,13.252,20.003,1.19472E-05,2.35322E-05,0.033597391,0.066176292,2
28/10/2018 04:00,18255.86667,18.67333333,17.26666667,7.01,6.433333333,13.44333333,23.08133333,1.25372E-05,2.71193E-05,0.035765802,0.077365095,2
28/10/2018 05:00,18993.86667,38.59666667,17,5.856666667,6.423333333,12.27666667,27.40333333,2.59376E-05,3.22271E-05,0.067572249,0.083957601,2
28/10/2018 06:00,20025.33333,39.75666667,16.13333333,0.75,6.413333333,7.16,32.61733333,2.67971E-05,3.84738E-05,0.040715546,0.058457037,2
28/10/2018 07:00,20134.7,39.21,16.53333333,1.873333333,6.433333333,8.306666667,21.74633333,2.63922E-05,2.56155E-05,0.04652226,0.04515315,2
28/10/2018 08:00,20328.9,28.28,16.73333333,0.506666667,6.44,6.946666667,22.94,1.90221E-05,2.70029E-05,0.028040988,0.039805709,2
28/10/2018 09:00,19799.83333,36.03333333,17.4,0.59,6.426666667,7.016666667,16.60233333,2.41816E-05,1.94979E-05,0.036006018,0.029032059,2
28/10/2018 10:00,18796.23333,35.76,22.9,6.183333333,6.423333333,12.61,11.66033333,2.35524E-05,1.34396E-05,0.063024327,0.035963316,2
28/10/2018 11:00,18258.03333,23.46,26.06666667,6.506666667,6.433333333,12.94,15.909,1.52878E-05,1.81425E-05,0.041979493,0.049818439,2
28/10/2018 12:00,17815.86667,35.64333333,27.9,8.83,6.423333333,15.25333333,14.201,2.30856E-05,1.60961E-05,0.074724863,0.052100728,2
28/10/2018 13:00,17070.56667,38.49666667,24.43333333,10.02,6.43,16.45,14.05533333,2.52241E-05,1.61166E-05,0.088052383,0.056259671,2
28/10/2018 14:00,16361.46667,37.73333333,25.93333333,8.523333333,6.41,14.92666667,12.33033333,2.46E-05,1.40677E-05,0.077921353,0.044559897,2
28/10/2018 15:00,14901.43333,30.78333333,25.4,10.45,6.403333333,16.85333333,8.902666667,2.01048E-05,1.01752E-05,0.071902678,0.036390463,2
28/10/2018 16:00,13965.53333,18.55,22.3,12.56333333,6.4,18.96333333,7.982,1.22423E-05,9.21866E-06,0.049264637,0.037097201,2
28/10/2018 17:00,13839.56667,13.37666667,20.13333333,12.85333333,6.39,19.24333333,6.475,8.89329E-06,7.53342E-06,0.036316293,0.030763194,2
28/10/2018 18:00,13588,13.85333333,19.13333333,12.23,6.39,18.62,5.201666667,9.2417E-06,6.07265E-06,0.036516622,0.023994786,2
28/10/2018 19:00,14066.96667,16.89,18.86666667,12.60333333,6.393333333,18.99333333,5.7,1.12778E-05,6.6605E-06,0.045455233,0.026845231,2
28/10/2018 20:00,14033.8,16.21,18.55,12.685,6.4,19.0875,5.545,1.08355E-05,6.48642E-06,0.043889065,0.026273196,2
28/10/2018 21:00,14274.43333,17.83,18.1,11.18,6.386666667,17.56666667,5.425666667,1.19368E-05,6.35663E-06,0.044497484,0.023696013,2
28/10/2018 22:00,13943.96667,17.83666667,18,11.5,6.4,17.9,4.602,1.19453E-05,5.39349E-06,0.045374371,0.020487152,2
28/10/2018 23:00,14171.06667,20.24333333,17.8,10.55,6.4,16.95,4.545,1.35664E-05,5.33035E-06,0.048797105,0.01917273,2
29/10/2018 00:00,14380.6,25.46,17.8,10.33666667,6.406666667,16.74,4.548333333,1.70625E-05,5.33426E-06,0.06061166,0.018949079,2
29/10/2018 01:00,14558.26667,21.74,17.76666667,12.39333333,6.403333333,18.79666667,5.98,1.45711E-05,7.01411E-06,0.058120918,0.02797771,2
29/10/2018 02:00,15351.5,15.38666667,17.73333333,11.43,6.4,17.83,9.129666667,1.0314E-05,1.07097E-05,0.039024535,0.040521561,2
29/10/2018 03:00,16337.76667,19.63333333,17.46666667,9.286666667,6.393333333,15.68,10.26066667,1.31727E-05,1.20474E-05,0.043830888,0.040086659,2
29/10/2018 04:00,16789,17.5,17.13333333,9.11,6.39,15.49666667,11.11366667,1.17549E-05,1.3064E-05,0.038655823,0.042960793,2
29/10/2018 05:00,17822.63333,20.70666667,16.73333333,8.006666667,6.396666667,14.40666667,17.00466667,1.3928E-05,2.00163E-05,0.042580538,0.061193758,2
29/10/2018 06:00,18771.2,20.59666667,16.16666667,4.233333333,6.39,10.62,20.51,1.38811E-05,2.41898E-05,0.031283021,0.05451493,2
29/10/2018 07:00,19090.6,21.64333333,16.16666667,3.616666667,6.383333333,10,21.50733333,1.45865E-05,2.53661E-05,0.030953615,0.053828447,2
29/10/2018 08:00,18975.63333,34.27,15.83333333,1.543333333,6.38,7.923333333,13.48533333,2.31229E-05,1.59231E-05,0.038878538,0.026772908,2
29/10/2018 09:00,18816.96667,35.63666667,17.73333333,2.176666667,6.37,8.543333333,11.86066667,2.3888E-05,1.39133E-05,0.043307815,0.025224139,2
29/10/2018 10:00,16679.76667,35.88,24.5,5.096666667,6.37,11.46333333,8.512,2.35044E-05,9.75811E-06,0.057176578,0.023737522,2
29/10/2018 11:00,16687.2,42.56333333,27.3,4.626666667,6.356666667,10.98666667,5.462333333,2.76226E-05,6.20363E-06,0.064400622,0.014463409,2
29/10/2018 12:00,16219.7,38.43333333,27.7,8.736666667,6.353333333,15.09333333,6.584666667,2.49092E-05,7.46833E-06,0.079781811,0.023920358,2
29/10/2018 13:00,15523.03333,25.37666667,27.4,10.01666667,6.326666667,16.34333333,8.767,1.64634E-05,9.95346E-06,0.057097773,0.034520228,2
29/10/2018 14:00,15457.775,26.35,24.225,9.0175,6.32,15.3375,8.81475,1.72774E-05,1.01145E-05,0.056233023,0.032919927,2
29/10/2018 15:00,15167.93333,23.69,24.93333333,8.473333333,6.32,14.79666667,8.692,1.54963E-05,9.94997E-06,0.048657741,0.031242419,2
29/10/2018 16:00,15078.4,22.21333333,22,8.87,6.32,15.19,7.627333333,1.46748E-05,8.81799E-06,0.047303079,0.028424082,2
29/10/2018 17:00,15043.95,18.775,20.26666667,9.33,6.303333333,15.63333333,8.144,1.24766E-05,9.47093E-06,0.041391145,0.031419792,2
29/10/2018 18:00,15001.76667,13.83,19.13333333,10.79333333,6.303333333,17.09666667,8.584666667,9.22614E-06,1.00221E-05,0.033472663,0.036360477,2
29/10/2018 19:00,15371.36667,15.52666667,18.8,9.236666667,6.3,15.53666667,10.64533333,1.03698E-05,1.2442E-05,0.034189149,0.041021106,2
29/10/2018 20:00,15391.675,16.94,18.15,8.4725,6.2925,14.765,9.89025,1.1339E-05,1.15853E-05,0.035527697,0.03629936,2
29/10/2018 21:00,15084.16667,18.45666667,17.86666667,9.516666667,6.313333333,15.83,8.380333333,1.23662E-05,9.82615E-06,0.041541006,0.033008294,2
29/10/2018 22:00,14999.5,16.15333333,17.8,9.09,6.306666667,15.39333333,8.347333333,1.08254E-05,9.7897E-06,0.035362027,0.0319787,2
29/10/2018 23:00,14872.33333,16.36,17.63333333,9.44,6.29,15.72666667,8.480333333,1.09702E-05,9.95138E-06,0.036610964,0.033210761,2
30/10/2018 00:00,14903.03333,17.03666667,17.43333333,9.453333333,6.303333333,15.75333333,8.167333333,1.14318E-05,9.59068E-06,0.038216163,0.032061274,2
30/10/2018 01:00,15726.03333,15.76,17.16666667,7.67,6.286666667,13.95666667,10.11166667,1.05849E-05,1.18848E-05,0.031349213,0.035199072,2
30/10/2018 02:00,15858.46667,16.83,17.16666667,7.803333333,6.27,14.07,9.773,1.13035E-05,1.14867E-05,0.033749468,0.034296418,2
30/10/2018 03:00,16198.43333,16.81333333,17.23333333,8.066666667,6.286666667,14.35333333,10.269,1.12897E-05,1.20669E-05,0.034387104,0.036754285,2
30/10/2018 04:00,17146.4,18.61333333,16.96666667,5.79,6.29,12.08,13.828,1.25099E-05,1.6264E-05,0.032068533,0.041691965,2
30/10/2018 05:00,18344.9,22.90333333,16.36666667,2.98,6.29,9.27,15.303,1.54251E-05,1.80361E-05,0.030343491,0.035479826,2
30/10/2018 06:00,18457.4,22.95333333,16.56666667,3.793333333,6.28,10.07,12.606,1.54481E-05,1.48472E-05,0.033011286,0.031727221,2
30/10/2018 07:00,19167.5,20.34333333,16.2,3.126666667,6.276666667,9.406666667,17.40966667,1.37088E-05,2.05308E-05,0.027364976,0.040982784,2
30/10/2018 08:00,19394.33333,25.32666667,15.36666667,1.023333333,6.3,7.323333333,17.62,1.71163E-05,2.08389E-05,0.026599693,0.032384898,2
30/10/2018 09:00,18553.63333,38.69666667,15.73333333,2.356666667,6.263333333,8.62,8.979333333,2.61188E-05,1.06062E-05,0.047777016,0.019401156,2
30/10/2018 10:00,17979.2,59.33333333,17.36666667,3.64,6.276666667,9.92,6.320666667,3.98226E-05,7.42389E-06,0.083830114,0.015627958,2
30/10/2018 11:00,17018.46667,38.61333333,20.26666667,5.706666667,6.266666667,11.97333333,6.520666667,2.56599E-05,7.58311E-06,0.0651971,0.019267308,2
30/10/2018 12:00,15949.3,28.9825,24.325,7.1325,6.265,13.395,6.842,1.89971E-05,7.84824E-06,0.05399938,0.022308689,2
30/10/2018 13:00,15725.13333,23.10666667,24.16666667,6.923333333,6.223333333,13.14666667,6.880666667,1.51537E-05,7.8968E-06,0.042276048,0.022030566,2
30/10/2018 14:00,15494.56667,20.33,21.56666667,7.116666667,6.23,13.34333333,6.469333333,1.34504E-05,7.49022E-06,0.038085328,0.021208888,2
30/10/2018 15:00,15126.83333,15.59666667,21,8.16,6.253333333,14.41333333,6.161,1.03387E-05,7.14697E-06,0.031621907,0.021859767,2
30/10/2018 16:00,15136.86667,14.94,20.36666667,7.923333333,6.24,14.17,6.013666667,9.92475E-06,6.99112E-06,0.029843405,0.021022055,2
30/10/2018 17:00,14897.8,14.65666667,20.3,7.273333333,6.263333333,13.53666667,5.610666667,9.73874E-06,6.52409E-06,0.027975221,0.018740916,2
30/10/2018 18:00,15460.5,34.03666667,18.33333333,1.323333333,6.26,7.586666667,2.825666667,2.27685E-05,3.30786E-06,0.036655993,0.005325458,2
30/10/2018 19:00,14612.46667,51.44666667,17.66666667,1.05,6.246666667,7.3,1.938333333,3.44937E-05,2.27431E-06,0.053434469,0.003523147,2
30/10/2018 20:00,13528.9,31.84333333,18.53333333,7.21,6.26,13.47333333,2.404666667,2.12867E-05,2.81309E-06,0.0608615,0.008042981,2
30/10/2018 21:00,13561.7,18.44666667,18.96666667,8.83,6.26,15.08666667,3.572333333,1.2313E-05,4.17288E-06,0.039419903,0.013359422,2
30/10/2018 22:00,14007.53333,17.86666667,18.53333333,8.74,6.296666667,15.03666667,3.818666667,1.19436E-05,4.46725E-06,0.038110459,0.014254449,2
30/10/2018 23:00,14164.26667,15.29333333,17.76666667,8.023333333,6.296666667,14.32,4.037,1.02503E-05,4.73511E-06,0.031148509,0.014389043,2
31/10/2018 00:00,13991.4,15.11333333,17.23333333,8.11,6.303333333,14.41333333,4.189333333,1.01482E-05,4.92281E-06,0.031039427,0.015056929,2
31/10/2018 01:00,14475.86667,17.02666667,16.53333333,7.27,6.34,13.60333333,4.441,1.14606E-05,5.23115E-06,0.033083554,0.015100848,2
31/10/2018 02:00,14752.13333,19.29333333,16.46666667,6.51,6.336666667,12.84666667,4.34,1.29893E-05,5.11336E-06,0.035410728,0.013939762,2
31/10/2018 03:00,15261.26667,19.15666667,16.1,6.226666667,6.306666667,12.53666667,5.051666667,1.29136E-05,5.95938E-06,0.034354952,0.01585412,2
31/10/2018 04:00,16630.4,18.88333333,15.66666667,4.566666667,6.343333333,10.91,6.674333333,1.27485E-05,7.88543E-06,0.029514936,0.018256147,2
31/10/2018 05:00,18026.875,19.0475,14.8,2.6425,6.345,8.9875,8.87325,1.2898E-05,1.05149E-05,0.024599172,0.020054105,2
31/10/2018 06:00,18619.73333,30.99,14.43333333,1.463333333,6.366666667,7.826666667,9.133,2.10116E-05,1.08365E-05,0.034897586,0.017998044,2
31/10/2018 07:00,18654.76667,37.15,14.26666667,1.03,6.38,7.413333333,7.671333333,2.52028E-05,9.10749E-06,0.039647982,0.014327525,2
31/10/2018 08:00,17502.36667,36.94,14.4,1.396666667,6.38,7.776666667,6.397333333,2.50487E-05,7.59146E-06,0.04133688,0.012527887,2
31/10/2018 09:00,16831.13333,41.33333333,16.16666667,0.99,6.346666667,7.336666667,6.424,2.78566E-05,7.57656E-06,0.043369704,0.01179586,2
31/10/2018 10:00,15269.46667,38.25666667,23.53333333,3.13,6.356666667,9.486666667,3.49,2.51429E-05,4.01395E-06,0.050616057,0.008080619,2
31/10/2018 11:00,16357.23333,35.48333333,28.16666667,5.173333333,6.35,11.52333333,3.210666667,2.29616E-05,3.6359E-06,0.056148747,0.008890966,2
31/10/2018 12:00,15889.7,33.45333333,27.26666667,5.176666667,6.363333333,11.54,4.165,2.17129E-05,4.73076E-06,0.053171862,0.011584986,2
31/10/2018 13:00,15343.63333,27.57,29.63333333,5.56,6.316666667,11.87666667,5.283,1.77544E-05,5.95372E-06,0.044746601,0.015005206,2
31/10/2018 14:00,14496.5,29.24,28.5,5.793333333,6.306666667,12.09666667,6.135666667,1.89006E-05,6.94062E-06,0.048517726,0.01781652,2
31/10/2018 15:00,14102.33333,25.10666667,22.53333333,5.086666667,6.29,11.38,9.022666667,1.65563E-05,1.04123E-05,0.03998206,0.025144851,2
31/10/2018 16:00,13651.03333,23.28,21.53333333,5.66,6.27,11.93,9.318333333,1.54038E-05,1.079E-05,0.038996761,0.027316298,2
31/10/2018 17:00,13771.6,17.68666667,20.8,5.513333333,6.26,11.77,7.731666667,1.17321E-05,8.9751E-06,0.029302838,0.022416864,2
31/10/2018 18:00,15204.6,35.06333333,19.9,0,6.28,6.28,3.642333333,2.33299E-05,4.24109E-06,0.031090794,0.005651924,2
31/10/2018 19:00,13997.36667,48.98,19.63333333,0.773333333,6.283333333,7.06,5.370333333,3.26193E-05,6.25885E-06,0.048869491,0.009376879,2
31/10/2018 20:00,13141.5,44.24,19.36666667,2.813333333,6.276666667,9.093333333,6.657,2.94894E-05,7.76547E-06,0.056904721,0.01498476,2
31/10/2018 21:00,13951.96667,24.47,19.83333333,5.333333333,6.273333333,11.60333333,4.849,1.62852E-05,5.64741E-06,0.040099089,0.013905633,2
31/10/2018 22:00,14224.825,21.92,19.725,5.915,6.275,12.19,3.67675,1.45935E-05,4.28373E-06,0.037750494,0.011081135,2
31/10/2018 23:00,15027.76667,20.58,19.66666667,5.55,6.276666667,11.82333333,3.696333333,1.37041E-05,4.3074E-06,0.034383509,0.01080722,2
01/11/2018 00:00,14845.6,19.41333333,20.03333333,5.313333333,6.263333333,11.58,3.415,1.29111E-05,3.97458E-06,0.031727078,0.009766945,2
01/11/2018 01:00,15510.76667,25.36333333,19.83333333,4.026666667,6.29,10.31333333,2.626,1.68797E-05,3.05838E-06,0.036942234,0.006693443,2
01/11/2018 02:00,15861.7,26.32,19.56666667,3.856666667,6.26,10.12,2.625,1.75324E-05,3.06E-06,0.03765127,0.006571448,2
01/11/2018 03:00,16646.76667,24.73333333,19.4,2.806666667,6.286666667,9.09,2.709,1.64848E-05,3.15972E-06,0.031798536,0.006094969,2
01/11/2018 04:00,17551.93333,29.85,19.4,2.406666667,6.266666667,8.673333333,2.287666667,1.98951E-05,2.66829E-06,0.036617691,0.004911085,2
01/11/2018 05:00,18418.56667,28.01333333,19.23333333,1.81,6.236666667,8.046666667,2.31,1.86816E-05,2.69587E-06,0.031899867,0.004603351,2
01/11/2018 06:00,18924.9,24.83666667,19.13333333,1.393333333,6.266666667,7.66,2.531666667,1.65688E-05,2.95558E-06,0.026932627,0.004804298,2
01/11/2018 07:00,18218.23333,23.44333333,18.93333333,2.136666667,6.286666667,8.426666667,2.889666667,1.565E-05,3.37583E-06,0.027985243,0.006036643,2
01/11/2018 08:00,18671.06667,23.34333333,18.76666667,1.95,6.273333333,8.223333333,2.747666667,1.55921E-05,3.21177E-06,0.027208999,0.005604692,2
01/11/2018 09:00,18138.76667,25.21,19.16666667,2.136666667,6.28,8.413333333,3.037333333,1.68159E-05,3.54551E-06,0.030022583,0.006330029,2
01/11/2018 10:00,18542.9,36.62666667,19.46666667,1.31,6.236666667,7.55,2.126333333,2.44062E-05,2.47955E-06,0.039102631,0.003972629,2
01/11/2018 11:00,17852.96667,38.81,20.06666667,1.74,6.263333333,8.01,1.771,2.58081E-05,2.06096E-06,0.043868036,0.00350317,2
01/11/2018 12:00,16757.66667,52.16333333,21.26666667,1.713333333,6.263333333,7.973333333,1.590333333,3.45466E-05,1.84317E-06,0.058452562,0.003118634,2
01/11/2018 13:00,16887.43333,61.4,21.76666667,2.496666667,6.283333333,8.776666667,1.89,4.05948E-05,2.18677E-06,0.075606537,0.004072779,2
01/11/2018 14:00,16312.1,39.89333333,22.2,3.37,6.28,9.65,2.57,2.63369E-05,2.96918E-06,0.053932599,0.006080261,2
01/11/2018 15:00,15938.66667,33.04666667,22.23333333,3.583333333,6.306666667,9.89,2.424666667,2.18144E-05,2.80095E-06,0.04578241,0.005878426,2
01/11/2018 16:00,15412.525,32.3275,21.275,4.83,6.275,11.105,2.52625,2.14091E-05,2.9278E-06,0.050451803,0.006899521,2
01/11/2018 17:00,15002.2,22.86333333,20.96666667,4.53,6.33,10.86,2.756666667,1.51573E-05,3.19819E-06,0.034930952,0.007370436,2
01/11/2018 18:00,15239.36667,26.63,19.43333333,3.58,6.323333333,9.9,2.002,1.77469E-05,2.33483E-06,0.037283568,0.004905106,2
01/11/2018 19:00,15590.96667,46.22666667,17.53333333,1.566666667,6.32,7.886666667,1.300333333,3.1008E-05,1.52642E-06,0.051895132,0.002554623,2
01/11/2018 20:00,14829.8,42.05,17.2,2.056666667,6.353333333,8.41,1.225,2.82388E-05,1.43964E-06,0.050396555,0.002569266,2
01/11/2018 21:00,13062.33333,21.02,17.43333333,4.22,6.346666667,10.56666667,1.886666667,1.41047E-05,2.21546E-06,0.031627197,0.004967767,2
01/11/2018 22:00,13357,21.35333333,17.33333333,3.663333333,6.373333333,10.03333333,2.015666667,1.43333E-05,2.36776E-06,0.030517601,0.005041288,2
01/11/2018 23:00,13492.1,21.23,17.33333333,3.6,6.366666667,9.966666667,2.121666667,1.42505E-05,2.49227E-06,0.030139733,0.005271141,2
02/11/2018 00:00,13363.4,25.83333333,17.23333333,2.9,6.39,9.29,2.165333333,1.73464E-05,2.54444E-06,0.034196776,0.005016115,2
02/11/2018 01:00,13600.43333,19.53666667,17.16666667,3.853333333,6.376666667,10.23,2.264666667,1.31214E-05,2.66178E-06,0.028484908,0.005778388,2
02/11/2018 02:00,14082.26667,19.99666667,16.63333333,3.59,6.38,9.97,2.372666667,1.34551E-05,2.79385E-06,0.028466892,0.005910949,2
02/11/2018 03:00,15264.13333,18.61333333,16.23333333,2.9,6.426666667,9.33,2.717333333,1.25416E-05,3.20412E-06,0.024830929,0.006343804,2
02/11/2018 04:00,16478.13333,18.48,15.9,2.68,6.42,9.093333333,2.991333333,1.24661E-05,3.53128E-06,0.024055412,0.006814181,2
02/11/2018 05:00,18014.7,16.19,15.26666667,2.033333333,6.456666667,8.493333333,4.077,1.09453E-05,4.82348E-06,0.019727196,0.008693552,2
02/11/2018 06:00,18744.5,18.19333333,14.76666667,1.13,6.45,7.576666667,4.919666667,1.2321E-05,5.83054E-06,0.019809994,0.00937445,2
02/11/2018 07:00,18923.8,18.76333333,14.46666667,0.693333333,6.436666667,7.13,5.766,1.27203E-05,6.8407E-06,0.019246252,0.010350203,2
02/11/2018 08:00,18964.16667,21.63333333,14.13333333,0,6.443333333,6.443333333,5.184666667,1.4683E-05,6.15815E-06,0.020076329,0.008420148,2
02/11/2018 09:00,18617.95,29.42,19.95714286,0,1.83,1.83,3.786,1.95712E-05,4.40752E-06,0.007600253,0.001711607,2
02/08/2018 13:00,9251.43,100.99,37.7375,14.8,5.99125,20.79375,36.3975,6.33398E-05,3.99492E-05,0.279491509,0.176278704,3
02/08/2018 14:00,15541.8,9.515,37.74210526,8.642105263,5.952105263,14.59263158,172.281,5.96762E-06,0.00018909,0.018479636,0.585544687,3
02/08/2018 15:00,18925.83333,7.043333333,41.25833333,5.266666667,5.935,11.1975,352.338,4.36803E-06,0.000382389,0.01037925,0.908626177,3
02/08/2018 16:00,21868.86667,8.306666667,44.6,5.695,5.708333333,11.40166667,417.5216667,5.09733E-06,0.000448367,0.012333043,1.084827123,3
02/08/2018 17:00,22109.86667,7.323333333,42.6,5.626666667,5.906666667,11.53333333,700.1276667,4.52238E-06,0.000756613,0.011068301,1.851771781,3
02/08/2018 18:00,22385.425,7.8025,40.25,6.62,5.9825,12.6,530.66525,4.85441E-06,0.000577779,0.012979741,1.544866441,3
02/08/2018 19:00,23577.1,8.3,41.73333333,5.546666667,5.963333333,11.50666667,570.109,5.13961E-06,0.0006178,0.012549853,1.508538825,3
02/08/2018 20:00,22668.63333,7.13,36.4,5.573333333,5.99,11.56333333,866.2913333,4.49118E-06,0.000954933,0.011020529,2.343230131,3
02/08/2018 21:00,22641.23333,8.026666667,34.5,5.396666667,5.97,11.37,604.4113333,5.08722E-06,0.000670372,0.012274377,1.617464961,3
02/08/2018 22:00,22767.5,8.703333333,29.46666667,5.686666667,5.99,11.67666667,565.5756667,5.60783E-06,0.000637731,0.013895441,1.580212498,3
02/08/2018 23:00,22802.5,8.163333333,27.86666667,6.81,6.026666667,12.83333333,833.8143333,5.28785E-06,0.000945189,0.014400486,2.574050279,3
03/08/2018 00:00,15975.2,9.773333333,26.76666667,6.126666667,5.993333333,12.12,939.065,6.35395E-06,0.001068403,0.016342008,2.74787144,3
03/08/2018 01:00,13171.66667,11.71666667,26.4,6.556666667,6.013333333,12.57333333,904.0343333,7.6267E-06,0.001029806,0.020349131,2.747671232,3
03/08/2018 02:00,19461.73333,8.68,26,7.223333333,5.99,13.21333333,821.904,5.6576E-06,0.000937501,0.015863675,2.628713254,3
03/08/2018 03:00,21232.13333,14.75,25.6,7.34,6.006666667,13.34333333,452.156,9.62689E-06,0.00051644,0.02725895,1.46232349,3
03/08/2018 04:00,21043.83333,11.02333333,25.36666667,6.733333333,5.993333333,12.73,368.536,7.20023E-06,0.000421261,0.01945062,1.137990076,3
03/08/2018 05:00,21009.73333,9.203333333,25.16666667,7.18,5.98,13.15333333,390.7396667,6.01547E-06,0.000446941,0.01679052,1.247511469,3
03/08/2018 06:00,21313.5,9.213333333,24.73333333,6.813333333,6,12.81666667,458.3716667,6.03076E-06,0.000525063,0.016402361,1.428056486,3
03/08/2018 07:00,19515.86667,8.88,24.8,6.563333333,5.966666667,12.53,391.068,5.81127E-06,0.000447867,0.01545188,1.19085449,3
03/08/2018 08:00,19813.53333,8.19,26.06666667,6.35,5.973333333,12.32333333,280.3586667,5.33703E-06,0.000319719,0.013956837,0.83609406,3
03/08/2018 09:00,18689.9,6.576666667,27.73333333,7.003333333,5.956666667,12.96,210.8816667,4.26196E-06,0.000239156,0.011721235,0.657725125,3
03/08/2018 10:00,19725,6.206666667,29.4,7.883333333,5.973333333,13.86333333,277.0123333,4.00003E-06,0.000312422,0.011767647,0.919111819,3
03/08/2018 11:00,20193.96667,5.626666667,32.06666667,6.79,5.993333333,12.78666667,419.6763333,3.59455E-06,0.000469187,0.009753511,1.273099403,3
03/08/2018 12:00,21948.5,5.993333333,35.7,7.33,5.973333333,13.30333333,503.8026667,3.78375E-06,0.000556612,0.01068174,1.571346875,3
03/08/2018 13:00,22183.4,7.07,36.5,6.303333333,5.976666667,12.27666667,463.462,4.45195E-06,0.00051072,0.01159817,1.330522576,3
03/08/2018 14:00,24022.83333,7.95,38.56666667,6.593333333,6.013333333,12.61,565.5276667,4.97289E-06,0.000619061,0.013307083,1.656561853,3
03/08/2018 15:00,21311.35,7.615,35.85,5.605,6.01,11.615,911.5175,4.80522E-06,0.001006576,0.011843807,2.480986965,3
03/08/2018 16:00,14531.06667,12.94333333,34.4,6.27,6.003333333,12.27333333,885.2073333,8.20601E-06,0.00098213,0.021372416,2.557941088,3
03/08/2018 17:00,14232.3,10.18333333,33.53333333,6.123333333,6.023333333,12.14666667,905.0936667,6.47443E-06,0.001007032,0.016688511,2.595728117,3
03/08/2018 18:00,21030.9,7.703333333,35.76666667,5.796666667,6.01,11.8,873.406,4.86227E-06,0.00096475,0.012175311,2.415769953,3
03/08/2018 19:00,22784.86667,9.746666667,41.36666667,6.236666667,6.006666667,12.24,615.6953333,6.04247E-06,0.000667978,0.015694756,1.735011478,3
03/08/2018 20:00,22838.73333,7.966666667,37.6,6.566666667,5.996666667,12.56333333,731.7626667,4.99882E-06,0.000803524,0.01332696,2.142213397,3
03/08/2018 21:00,22368.6,6.696666667,35.6,6.61,5.993333333,12.60333333,807.9916667,4.22915E-06,0.000892976,0.011310917,2.388273583,3
03/08/2018 22:00,21230.36667,7.116666667,29.66666667,7.02,6.006666667,13.02333333,549.5086667,4.58246E-06,0.000619205,0.012664256,1.711258685,3
03/08/2018 23:00,20660.43333,8.083333333,28.5,6,6.01,12.01,470.124,5.22503E-06,0.000531801,0.013316523,1.355348056,3
04/08/2018 00:00,22144.9,7.083333333,27.26666667,6.533333333,6.02,12.55666667,542.104,4.59743E-06,0.000615742,0.012250356,1.640709494,3
04/08/2018 01:00,23236.73333,6.98,26.6,7.003333333,6.01,13.01666667,736.8863333,4.54044E-06,0.000838844,0.012541709,2.317073608,3
04/08/2018 02:00,22560.56667,7.42,26.36666667,6.363333333,6.026666667,12.39333333,675.523,4.83042E-06,0.000769589,0.012703744,2.023979056,3
04/08/2018 03:00,20371.3,7.62,26.16666667,6.196666667,6.013333333,12.21,442.8523333,4.96393E-06,0.000504856,0.012861761,1.308104495,3
04/08/2018 04:00,19988.8,7.763333333,25.7,5.586666667,6.003333333,11.59,338.986,5.0652E-06,0.000387051,0.012457735,0.951942409,3
04/08/2018 05:00,20027.475,7.2725,25.475,7.1275,6,13.1325,378.1815,4.74853E-06,0.00043213,0.013233224,1.204260006,3
04/08/2018 06:00,20930.86667,6.62,25.5,6.976666667,6.003333333,12.98333333,485.2376667,4.32212E-06,0.000554411,0.011908097,1.527484918,3
04/08/2018 07:00,19643.9,7.623333333,25.43333333,6.396666667,6.01,12.40666667,447.632,4.9783E-06,0.000511559,0.013106754,1.346819558,3
04/08/2018 08:00,19807.8,6.343333333,26.06666667,6.47,6.006666667,12.47333333,347.4763333,4.13365E-06,0.000396259,0.010941452,1.048867708,3
04/08/2018 09:00,20236.56667,7.716666667,27.43333333,6.513333333,6.043333333,12.55666667,290.824,5.00572E-06,0.000330145,0.013338282,0.879707814,3
04/08/2018 10:00,20718,6.666666667,28.76666667,6.33,6.02,12.35,362.259,4.3055E-06,0.000409423,0.011283642,1.072995228,3
04/08/2018 11:00,22785.76667,9.253333333,31.76666667,5.193333333,6.003333333,11.19666667,612.4786667,5.91724E-06,0.000685409,0.01405939,1.62853572,3
04/08/2018 12:00,18798.16667,9.31,33.86666667,6.336666667,6.016666667,12.34666667,870.3683333,5.91275E-06,0.000967344,0.015491667,2.534484209,3
04/08/2018 13:00,18886.43333,10.27333333,36.03333333,6.22,6.013333333,12.23666667,928.636,6.47884E-06,0.001024871,0.016823607,2.661284517,3
04/08/2018 14:00,16041.16667,9.203333333,37.9,5.233333333,6.013333333,11.25,917.6846667,5.76922E-06,0.001006707,0.013772988,2.403336205,3
04/08/2018 15:00,10474.98,10.66,42.2,4.32,6.03,10.35333333,826.1366667,6.59123E-06,0.000893921,0.014481223,1.96398423,3
04/08/2018 16:00,10645.25,10.58,44.75,5.69,6.055,11.75,835.959,6.48929E-06,0.000897293,0.016180565,2.237335189,3
04/08/2018 17:00,14718.2,13.59,44.73333333,6.693333333,6.043333333,12.74333333,891.122,8.33592E-06,0.000956554,0.022542155,2.586730521,3
04/08/2018 18:00,16906.43333,14.86,46.1,6.123333333,6.04,12.16333333,919.564,9.0759E-06,0.000982858,0.023426165,2.536894461,3
04/08/2018 19:00,15298.13333,8.3,45.7,5.726666667,6.03,11.75333333,914.754,5.07567E-06,0.000978944,0.012659408,2.44161782,3
04/08/2018 20:00,10737.86667,8.736666667,42.9,4.69,6.036666667,10.72666667,860.099,5.39004E-06,0.000928608,0.012269177,2.113762408,3
04/08/2018 21:00,8642.9825,11.7325,37.275,4.94,6.085,11.0225,837.7025,7.36946E-06,0.000920816,0.017237515,2.153832699,3
04/08/2018 22:00,19274.03333,9.066666667,28.16666667,4.9,6.066666667,10.96666667,839.2296667,5.86714E-06,0.000950381,0.013653998,2.211724625,3
04/08/2018 23:00,20585.86667,11.76666667,26.33333333,4.643333333,6.07,10.71,540.923,7.66095E-06,0.000616315,0.01741129,1.400718928,3
05/08/2018 00:00,20631.43333,10.91666667,25.73333333,5.263333333,6.073333333,11.34,513.604,7.12181E-06,0.000586363,0.017138077,1.411037289,3
05/08/2018 01:00,20650.2,13.80333333,25.46666667,5.363333333,6.036666667,11.4,507.8906667,9.01305E-06,0.000580358,0.021803965,1.403976301,3
05/08/2018 02:00,20053.33333,16.80666667,25.16666667,5.083333333,6.05,11.13666667,347.579,1.09851E-05,0.000397572,0.025960914,0.939571791,3
05/08/2018 03:00,19574.56667,12.59666667,24.86666667,5.066666667,6.053333333,11.12,117.605,8.2417E-06,0.000134656,0.019448251,0.31775234,3
05/08/2018 04:00,18967.33333,15.81333333,24.9,5.456666667,6.04,11.49333333,31.327,1.03451E-05,3.58649E-05,0.025231379,0.08747308,3
05/08/2018 05:00,18490.83333,13.94333333,24.6,5.56,6.026666667,11.58666667,10.62466667,9.13096E-06,1.2176E-05,0.022450915,0.029937863,3
05/08/2018 06:00,18298.16667,15.92,23.56666667,5.776666667,6.026666667,11.80666667,7.215333333,1.04617E-05,8.29763E-06,0.026211333,0.02078933,3
05/08/2018 07:00,17969.16667,16.61333333,23.6,5.463333333,6.053333333,11.51666667,7.533,1.09161E-05,8.66198E-06,0.026678016,0.021169118,3
05/08/2018 08:00,18351.4,17.63333333,24.83333333,5.593333333,6.036666667,11.63,8.673,1.15384E-05,9.93155E-06,0.028476253,0.024510706,3
05/08/2018 09:00,17738.63333,18.24666667,27.1,5.346666667,6.063333333,11.41333333,10.25233333,1.18496E-05,1.16514E-05,0.028699459,0.028219606,3
05/08/2018 10:00,17955.76667,14.86666667,31.93333333,5.213333333,6.06,11.27333333,12.20066667,9.5016E-06,1.3646E-05,0.022730457,0.032644962,3
05/08/2018 11:00,17777.4,16.71666667,33.4,5.353333333,6.06,11.41333333,15.18033333,1.06329E-05,1.68974E-05,0.025752628,0.040925239,3
05/08/2018 12:00,18378.66667,14.82,36.3,4.36,6.03,10.38333333,19.30366667,9.33812E-06,2.12858E-05,0.020575728,0.046901297,3
05/08/2018 13:00,19676.13333,16.63333333,35.66666667,5.273333333,6.046666667,11.31666667,23.95766667,1.05022E-05,2.64718E-05,0.025220737,0.063571293,3
05/08/2018 14:00,20688.8,16.66666667,41.56666667,5.42,6.05,11.47333333,56.42233333,1.0326E-05,6.11746E-05,0.025140812,0.148942846,3
05/08/2018 15:00,21956.6,14.15,44.5,5.825,6.03,11.855,137.156,8.68579E-06,0.000147335,0.021850925,0.370651913,3
05/08/2018 16:00,22729.2,13.46,45.8,5.776666667,6.03,11.80666667,277.424,8.22857E-06,0.000296798,0.020616287,0.743613836,3
05/08/2018 17:00,23287.43333,15.05333333,47.43333333,4.433333333,6.036666667,10.47333333,437.0716667,9.15574E-06,0.000465213,0.020348732,1.033940094,3
05/08/2018 18:00,22817.23333,14.67333333,44.5,4.463333333,6.036666667,10.49666667,494.3653333,9.00703E-06,0.000531054,0.020062822,1.182903432,3
05/08/2018 19:00,21388.93333,12.33666667,44.4,4.446666667,6.003333333,10.45333333,446.0926667,7.57509E-06,0.00047935,0.016803556,1.063326171,3
05/08/2018 20:00,20126.05,13.275,41.65,5.205,6.02,11.225,339.1945,8.22246E-06,0.000367666,0.019586049,0.875788351,3
05/08/2018 21:00,19294.76667,14.67666667,38.5,4.746666667,6.033333333,10.78,235.271,9.18253E-06,0.000257597,0.021005825,0.589276015,3
05/08/2018 22:00,18688.3,15.35,30.3,4.643333333,6.033333333,10.67333333,137.3463333,9.86332E-06,0.000154444,0.02233994,0.349807195,3
05/08/2018 23:00,18398.83333,16.46,26.7,4.31,6.016666667,10.32333333,96.39066667,1.07035E-05,0.000109691,0.023448033,0.240297702,3
06/08/2018 00:00,18235.2,20.07666667,25.86666667,4.85,6.03,10.87666667,97.68633333,1.30918E-05,0.000111475,0.030217096,0.257295961,3
06/08/2018 01:00,18094.53333,18.82666667,25.3,4.753333333,6.016666667,10.77333333,113.6363333,1.23E-05,0.000129923,0.028119826,0.297025997,3
06/08/2018 02:00,17981.06667,21.8,25.13333333,5.14,6.02,11.16,121.8503333,1.42505E-05,0.000139392,0.033748338,0.330111509,3
06/08/2018 03:00,17989.76667,17.47333333,24.86666667,5.646666667,5.99,11.64,109.2383333,1.14324E-05,0.000125076,0.028238972,0.308948599,3
06/08/2018 04:00,17925,20.29333333,24.46666667,4.833333333,5.993333333,10.82666667,68.44966667,1.32953E-05,7.84791E-05,0.030545806,0.180304926,3
06/08/2018 05:00,17920.76667,20.06666667,24.3,5.473333333,6.006666667,11.47666667,37.51233333,1.31542E-05,4.30328E-05,0.032035958,0.104803216,3
06/08/2018 06:00,17810.76667,20.93,23.93333333,5.336666667,6.01,11.34333333,23.445,1.3737E-05,2.69285E-05,0.033066812,0.064820351,3
06/08/2018 07:00,17578.53333,20.76333333,23.63333333,5.533333333,6,11.53333333,18.64966667,1.36414E-05,2.14423E-05,0.03338667,0.052478951,3
06/08/2018 08:00,17276.4,27.09,24.96666667,5.37,5.996666667,11.36666667,16.71666667,1.77184E-05,1.91339E-05,0.042738233,0.046152506,3
06/08/2018 09:00,16850.05,26.205,30.225,5.3925,5.9925,11.385,17.3135,1.68425E-05,1.94735E-05,0.040690975,0.047047533,3
06/08/2018 10:00,16671.53333,22.76,30.6,5.413333333,5.976666667,11.39666667,20.53933333,1.46103E-05,2.30733E-05,0.035334138,0.055801598,3
06/08/2018 11:00,17530.06667,23.35333333,32.33333333,5.726666667,5.973333333,11.7,48.86433333,1.49061E-05,5.45814E-05,0.037009047,0.135515526,3
06/08/2018 12:00,18765.5,23.70666667,34.16666667,6.37,5.986666667,12.36,128.6556667,1.50413E-05,0.000142851,0.039451502,0.37467957,3
06/08/2018 13:00,20507.36667,25.96666667,35.5,5.796666667,6.003333333,11.8,229.0986667,1.64041E-05,0.000253277,0.041076423,0.634215752,3
06/08/2018 14:00,20822.4,44.89,38.3,5.76,6,11.75,199.223,2.81037E-05,0.000218268,0.070074471,0.544236599,3
06/08/2018 15:00,20250.23333,21.56,43.03333333,5.82,5.96,11.78,238.2906667,1.32957E-05,0.000257163,0.033236537,0.642853608,3
06/08/2018 16:00,22213.43333,16.77333333,46.53333333,5.483333333,5.996666667,11.48333333,404.036,1.02306E-05,0.000431261,0.024930331,1.050913029,3
06/08/2018 17:00,22612.66667,15.69,46.86666667,5.15,5.976666667,11.12666667,499.7113333,9.55987E-06,0.000532827,0.022572316,1.258086252,3
06/08/2018 18:00,23515.8,14.55666667,46.73333333,4.5,5.973333333,10.47333333,558.0496667,8.87303E-06,0.00059528,0.01972041,1.323015411,3
06/08/2018 19:00,23570.63333,13.42666667,43.83333333,4.563333333,5.98,10.54,582.472,8.25912E-06,0.000627016,0.018472815,1.4024196,3
06/08/2018 20:00,23706.06667,13.79,40.3,4.79,5.966666667,10.75666667,601.6933333,8.57823E-06,0.000655008,0.019580979,1.495145207,3
06/08/2018 21:00,23770.55,14.865,35.7,4.215,5.99,10.205,629.6975,9.38467E-06,0.000695704,0.020323149,1.506593569,3
06/08/2018 22:00,23400.83333,16.54333333,29.56666667,5.276666667,5.956666667,11.23,637.023,1.06559E-05,0.000718057,0.025393767,1.711186217,3
06/08/2018 23:00,23427.275,16.415,26.675,4.625,5.9675,10.5875,627.65325,1.06752E-05,0.000714318,0.023984306,1.604885672,3
07/08/2018 00:00,22904.46667,17.68,25.8,4.413333333,5.973333333,10.39,602.2993333,1.15315E-05,0.00068747,0.02542494,1.515751857,3
07/08/2018 01:00,22655.83333,20.04666667,25.4,4.563333333,5.973333333,10.53333333,606.1053333,1.30926E-05,0.000692741,0.029265208,1.548444325,3
07/08/2018 02:00,22646.3,19.17666667,25.1,4.793333333,5.986666667,10.78,609.5526667,1.2537E-05,0.000697382,0.028679536,1.59532173,3
07/08/2018 03:00,22278.8,17.14666667,24.83333333,5.15,5.976666667,11.12666667,587.7306667,1.12199E-05,0.000673017,0.026491924,1.589096212,3
07/08/2018 04:00,22027.13333,19.36,24.8,4.933333333,5.956666667,10.88666667,556.328,1.26696E-05,0.000637129,0.029269653,1.471909781,3
07/08/2018 05:00,20435.43333,15.82333333,24.5,4.53,5.96,10.48666667,463.892,1.03656E-05,0.000531803,0.023066954,1.183442595,3
07/08/2018 06:00,19207.46667,17.18666667,24.16666667,5.43,5.956666667,11.38333333,352.432,1.12713E-05,0.000404479,0.027227172,0.977066829,3
07/08/2018 07:00,18688.03333,18.34333333,24.23333333,5.006666667,5.95,10.95666667,266.155,1.20272E-05,0.000305392,0.027964095,0.710060233,3
07/08/2018 08:00,17971.23333,16.98666667,25.63333333,5.573333333,5.943333333,11.51666667,184.1396667,1.10855E-05,0.000210296,0.027091889,0.51394485,3
07/08/2018 09:00,17090.53333,16.26,30.36666667,5.046666667,5.95,10.99666667,115.9286667,1.04458E-05,0.000130331,0.024375849,0.304136185,3
07/08/2018 10:00,17400.76667,18.36666667,30.56666667,5.356666667,5.94,11.29666667,77.811,1.17914E-05,8.74203E-05,0.028266545,0.209566289,3
07/08/2018 11:00,17262.83333,24.48,32.4,5.316666667,5.93,11.24333333,67.276,1.56218E-05,7.51308E-05,0.037272189,0.179255173,3
